<rss version="2.0" xmlns:atom="http://www.w3.org/2005/Atom">
  <channel>
    <title>Event on 臨池不輟</title>
    <link>https://keelii.com/categories/Event/</link>
    <description>Recent content in Event on 臨池不輟</description>
    <generator>Hugo -- gohugo.io</generator>
    <language>zh-CN</language>
    <lastBuildDate>Thu, 29 Sep 2016 17:22:29 +0800</lastBuildDate>
    
        <atom:link href="https://keelii.com/categories/Event/atom.xml" rel="self" type="application/rss+xml" />
    
    
    <item>
      <title>JavaScript 浏览器事件</title>
      <link>https://keelii.com/2016/09/29/javascript-browser-event/</link>
      <pubDate>Thu, 29 Sep 2016 17:22:29 +0800</pubDate>
      
      <guid>https://keelii.com/2016/09/29/javascript-browser-event/</guid>
      <description>&lt;h2 id=&#34;javascript-浏览器-事件之间的关系&#34;&gt;JavaScript、浏览器、事件之间的关系&lt;/h2&gt;

&lt;p&gt;JavaScript 程序采用了异步事件驱动编程（Event-driven programming）模型，维基百科对它的解释是：&lt;/p&gt;

&lt;blockquote&gt;
&lt;p&gt;事件驱动程序设计（英语：Event-driven programming）是一种电脑程序设计模型。这种模型的程序运行流程是由用户的动作（如鼠标的按键，键盘的按键动作）或者是由其他程序的消息来决定的。相对于批处理程序设计（batch programming）而言，程序运行的流程是由程序员来决定。批量的程序设计在初级程序设计教学课程上是一种方式。然而，事件驱动程序设计这种设计模型是在交互程序（Interactive program）的情况下孕育而生的&lt;/p&gt;
&lt;/blockquote&gt;

&lt;p&gt;简页言之，在 web 前端编程里面 JavaScript 通过浏览器提供的事件模型 API 和用户交互，接收用户的输入&lt;/p&gt;

&lt;p&gt;由于用户的行为是不确定的，也就是说不知道用户什么时候发生点击、滚动这些动作。这种场景是传统的同步编程模型没法解决的，因为你不可能等用户操作完了才执行后面的代码&lt;/p&gt;

&lt;p&gt;比如我们在 Python 里面调用接收用户输入的方法 &lt;code&gt;raw_input()&lt;/code&gt; 后终端就会一直等待用户的输入，直到输入完成才会执行后面的代码逻辑。但是在下面这段 NodeJS 代码中，接收用户输入的方法 &lt;code&gt;process.stdin.read&lt;/code&gt; 是在一个事件中调用的。后面的代码不会被阻塞（blocked）&lt;/p&gt;

&lt;pre&gt;&lt;code class=&#34;language-javascript&#34;&gt;&#39;use strict&#39;;

process.stdin.on(&#39;readable&#39;, () =&amp;gt; {
    var chunk = process.stdin.read();
    if (chunk !== null) {
        process.stdout.write(`Async output data: ${chunk}`);
    }
});

process.stdin.on(&#39;end&#39;, () =&amp;gt; {
    process.stdout.write(&#39;end&#39;);
});

console.log(&#39;Will not be blocked&#39;);
&lt;/code&gt;&lt;/pre&gt;

&lt;p&gt;事件驱动程序模型基本的实现原理基本上都是使用 &lt;a href=&#34;https://www.youtube.com/watch?v=8aGhZQkoFbQ&#34;&gt;事件循环（Event Loop）&lt;/a&gt;，这部分内容涉及浏览器事件模型、回调原理，有兴趣的去看链接里面的视频学习下&lt;/p&gt;

&lt;p&gt;需要说明的是在客户端 JavaScript 中像 setTimeout, XMLHTTPRequest 这类 API &lt;strong&gt;并不是&lt;/strong&gt; JavaScript 语言本身就有的。而是 JavaScript 的宿主环境（在客户端 JavaScript 中就是浏览器），同样像 DOM、BOM、Event API 都是浏览器提供的&lt;/p&gt;

&lt;h2 id=&#34;事件绑定的方法&#34;&gt;事件绑定的方法&lt;/h2&gt;

&lt;h3 id=&#34;dom-元素行内绑定&#34;&gt;DOM 元素行内绑定&lt;/h3&gt;

&lt;p&gt;直接在 DOM 元素上通过设置 &lt;code&gt;on + eventType&lt;/code&gt; 来绑定事件处理程序&lt;/p&gt;

&lt;pre&gt;&lt;code class=&#34;language-html&#34;&gt;&amp;lt;a href=&amp;quot;#none&amp;quot; onclick=&amp;quot;alert(&#39;clicked.&#39;)&amp;quot;&amp;gt;点击我&amp;lt;/a&amp;gt;
&lt;/code&gt;&lt;/pre&gt;

&lt;p&gt;这种绑定方法是最原始的，有两个缺点：&lt;/p&gt;

&lt;p&gt;&lt;strong&gt;1 事件处理程序和 HTML 结构混杂在一起&lt;/strong&gt;&lt;/p&gt;

&lt;p&gt;早期在结构、样式、表现分离的时代很忌讳这一点。现在看来在很多 MVX 框架中将事件绑定和 DOM 结构放在一起处理，这样似乎更方便维护（不用来回切换 HTML,JavaScript 文件），而且也符合可预见（predictable）性的规则&lt;/p&gt;

&lt;p&gt;&lt;strong&gt;2 命名空间冲突&lt;/strong&gt;&lt;/p&gt;

&lt;p&gt;因为 &lt;code&gt;onclick&lt;/code&gt; 中的 JavaScript 代码片段执行环境是全局作用域。然而在 JavaScript 语言中并没有相关的命名空间特性。所以就很容易造成命名空间的冲突，非要用这种方法绑定事件的话只能用对象来做一些封装&lt;/p&gt;

&lt;h3 id=&#34;古老的绑定方法&#34;&gt;古老的绑定方法&lt;/h3&gt;

&lt;p&gt;使用 DOM Element 上面的 &lt;code&gt;on + eventType&lt;/code&gt; 属性 API&lt;/p&gt;

&lt;pre&gt;&lt;code class=&#34;language-html&#34;&gt;&amp;lt;a href=&amp;quot;#none&amp;quot; id=&amp;quot;button&amp;quot;&amp;gt;click me&amp;lt;/a&amp;gt;
&amp;lt;script&amp;gt;
    var el = getElementById(&#39;button&#39;);
    el.onclick = function() { alert(&#39;button clicked.&#39;) };
    el.onclick = function() { alert(&#39;button clicked (Rewrite event handler before).&#39;) };
&amp;lt;/script&amp;gt;
&lt;/code&gt;&lt;/pre&gt;

&lt;p&gt;这种方法也有一个缺点，因为属性赋值会覆盖原值的。所以无法绑定 &lt;strong&gt;多个&lt;/strong&gt; 事件处理函数，如果我们要注册多个 onload 事件处理程序的话就得自己封装一个方法来防止这种事情发生，下面这个例子可以解决这个问题&lt;/p&gt;

&lt;pre&gt;&lt;code class=&#34;language-javascript&#34;&gt;function addLoadEvent(fn) {
    var oldonLoad = window.onload;
    if (typeof oldonLoad !== &#39;function&#39;) {
        window.onload = fn;
    } else {
        window.onload = function() {
            oldonLoad();
            fn();
        }
    }
}

addLoadEvent(function() { alert(&#39;onload 1&#39;) });
addLoadEvent(function() { alert(&#39;onload 2&#39;) });
&lt;/code&gt;&lt;/pre&gt;

&lt;p&gt;注意这只是个示例，生产环境很少会用到。一般用 DOM Ready 就可以了，因为 JavaScript 的执行通常不用等到页面资源全部加载完，DOM 加载完就可以了&lt;/p&gt;

&lt;h3 id=&#34;现代-标准的绑定方法&#34;&gt;现代/标准的绑定方法&lt;/h3&gt;

&lt;p&gt;标准的绑定方法有两种，&lt;code&gt;addEventListener&lt;/code&gt; 和 &lt;code&gt;attachEvent&lt;/code&gt; 前者是标准浏览器支持的 API，后者是 IE 8 以下浏览器支持的 API。通常需要我们做个兼容封装&lt;/p&gt;

&lt;pre&gt;&lt;code class=&#34;language-javascript&#34;&gt;function addEvent(target, type, handler) {
    if (target.addEventListener) {
        target.addEventListener(type, handler, false);
    } else {
        target.attachEvent(&#39;on&#39; + type, handler)
    }
}

addEvent(document, &#39;click&#39;, function() { alert(this === document) });
addEvent(document, &#39;click&#39;, function() { alert(this === document) });
&lt;/code&gt;&lt;/pre&gt;

&lt;p&gt;上面的例子在 IE 8 以下和标准浏览器的效果是不一样的，问题就在于 &lt;code&gt;addEventListener&lt;/code&gt; 中的事件回调函数中的 this 指向元素（target）本身，而 &lt;code&gt;attachEvent&lt;/code&gt; 则指向 &lt;code&gt;window&lt;/code&gt; 为了修复这个问题上面的 attachEvent 可以做一点小调整让其保持和 &lt;code&gt;addEventListener&lt;/code&gt; 的效果一样，不过这样的话注册的 handler 就是个匿名函数，&lt;strong&gt;无法移除&lt;/strong&gt;！&lt;/p&gt;

&lt;pre&gt;&lt;code class=&#34;language-javascript&#34;&gt;function addEvent(target, type, handler) {
    if (target.addEventListener) {
        target.addEventListener(type, handler, false);
    } else {
        target.attachEvent(&#39;on&#39; + type, function() {
            return handler.call(target)
        });
    }
}

addEvent(document, &#39;click&#39;, function() { alert(this === document) });
&lt;/code&gt;&lt;/pre&gt;

&lt;p&gt;当上面这几种情况同时出现的时候就比较有意思了，可以试试下面这段代码的你输出&lt;/p&gt;

&lt;pre&gt;&lt;code class=&#34;language-html&#34;&gt;&amp;lt;a href=&amp;quot;javascript:alert(1)&amp;quot; onclick=&amp;quot;alert(2)&amp;quot; id=&amp;quot;link&amp;quot;&amp;gt;click me&amp;lt;/a&amp;gt;
&amp;lt;script&amp;gt;
    var link = document.getElementById(&#39;link&#39;);
    link.onclick = function() { alert(3); }

    $(&#39;#link&#39;).bind(&#39;click&#39;, function() { alert(4); });
    $(&#39;#link&#39;).bind(&#39;click&#39;, function() { alert(5); });
&amp;lt;/script&amp;gt;
&lt;/code&gt;&lt;/pre&gt;

&lt;p&gt;正确的结果应该是 &lt;code&gt;3,4,5,1&lt;/code&gt;，根据结果我们可以得出以下结论：&lt;/p&gt;

&lt;ul&gt;
&lt;li&gt;链接上的 href 伪 javascript 协议相当于在浏览器地址栏执行了一段 JavaScript 代码，链接如果是这种格式，点击的时候相当于执行了这段 JavaScript 脚本&lt;/li&gt;
&lt;li&gt;行内的事件绑定和元素调用 onclick 绑定事件会覆盖&lt;/li&gt;
&lt;li&gt;使用 jQuery（内部使用标准事件注册 API）可以绑定多个事件处理程序&lt;/li&gt;
&lt;/ul&gt;

&lt;h2 id=&#34;事件冒泡&#34;&gt;事件冒泡&lt;/h2&gt;

&lt;p&gt;大部分事件会沿着事件触发的目标元素往上传播。比如：&lt;code&gt;body&amp;gt;div&amp;gt;p&amp;gt;span&lt;/code&gt; 如果他们都注册了点击事件，那么在 span 元素上触发点击事件后 p,div,body 各自的点击事件也会按顺序触发&lt;/p&gt;

&lt;p&gt;事件冒泡是可以被停止的，下面这个函数封闭了停止事件冒泡的方法：&lt;/p&gt;

&lt;pre&gt;&lt;code class=&#34;language-javascript&#34;&gt;function stopPropagation(event) {
    event = event || window.event;
    if (event.stopPropagation) {
        event.stopPropagation()
    } else {// IE
        event.cancelBubble = true
    }
}

addEvent(&#39;ele&#39;, &#39;click&#39;, function(e) {
    // click handler
    stopPropagation(e);
});
&lt;/code&gt;&lt;/pre&gt;

&lt;h2 id=&#34;事件对象&#34;&gt;事件对象&lt;/h2&gt;

&lt;p&gt;标准浏览器中在事件处理程序被调用时 &lt;strong&gt;事件对象&lt;/strong&gt; 会通过参数传递给处理程序，IE 8 及以下浏览器中事件对象可以通过全局的 &lt;code&gt;window.event&lt;/code&gt; 来访问。比如我们要获取当前点击的 DOM Element&lt;/p&gt;

&lt;pre&gt;&lt;code class=&#34;language-javascript&#34;&gt;addEvent(document, &#39;click&#39;, function(event) {
    // IE 8 以下 =&amp;gt; undefined
    console.log(event);
});
addEvent(document, &#39;click&#39;, function(event) {
    event = event || window.event;
    // 标准浏览器 =&amp;gt; [object HTMLHtmlElement]
    // IE 8 以下 =&amp;gt; undefined
    console.log(event.target);
    var target = event.target || event.srcElement;

    console.log(target.tagName);
});
&lt;/code&gt;&lt;/pre&gt;

&lt;h2 id=&#34;事件代理&#34;&gt;事件代理&lt;/h2&gt;

&lt;p&gt;有时候我们需要给 &lt;strong&gt;不存在的&lt;/strong&gt;（可能将来会有）的一段 DOM 元素绑定事件，比如给一段 Ajax 请求完成后渲染的 DOM 节点绑定事件。一般绑定的逻辑会在渲染前执行，绑定的时候找不到元素所以并不能成功，当然你也可以把绑定事件的代码放在 Ajax 请求之后。这样做在一些事件逻辑简单的应用里面没问题，但是会加重数据渲染逻辑和事件处理的逻辑耦合。一但事件处理程序特别多的时候，我们通常建议把事件的逻辑和其它代码逻辑分离，这样方便维护。&lt;/p&gt;

&lt;p&gt;为了解决这个问题，我们通常使用事件代理/委托（Event Delegation ）。而且通常来说使用 &lt;strong&gt;事件代理的性能会比单独绑定事件高&lt;/strong&gt; 很多，我们来看个例子&lt;/p&gt;

&lt;pre&gt;&lt;code class=&#34;language-html&#34;&gt;&amp;lt;ul id=&amp;quot;list&amp;quot;&amp;gt;
    &amp;lt;li id=&amp;quot;item-1&amp;quot;&amp;gt;item1&amp;lt;/li&amp;gt;
    &amp;lt;li id=&amp;quot;item-2&amp;quot;&amp;gt;item2&amp;lt;/li&amp;gt;
    &amp;lt;li id=&amp;quot;item-3&amp;quot;&amp;gt;item3&amp;lt;/li&amp;gt;
    &amp;lt;li id=&amp;quot;item-4&amp;quot;&amp;gt;item4&amp;lt;/li&amp;gt;
    &amp;lt;li id=&amp;quot;item-5&amp;quot;&amp;gt;item5&amp;lt;/li&amp;gt;
&amp;lt;/ul&amp;gt;
&lt;/code&gt;&lt;/pre&gt;

&lt;p&gt;假如 &lt;code&gt;ul&lt;/code&gt; 中的 HTML 是 Ajax 异步插入的，通常我们的做法是 插入完成后遍历每个 li 绑定事件处理程序&lt;/p&gt;

&lt;pre&gt;&lt;code class=&#34;language-html&#34;&gt;&amp;lt;ul id=&amp;quot;list&amp;quot;&amp;gt;&amp;lt;/ul&amp;gt;
&amp;lt;script&amp;gt;
    function bindEvent(el, n) {
        addEvent(lis[i], &#39;click&#39;, function() { console.log(i); });
    }
    // 用 setTimeout 模拟 Ajax 伪代码
    setTimeout(function() {
        var ajaxData = &#39;&amp;lt;li id=&amp;quot;item-1&amp;quot;&amp;gt;item1&amp;lt;/li&amp;gt; &amp;lt;li id=&amp;quot;item-2&amp;quot;&amp;gt;item2&amp;lt;/li&amp;gt; &amp;lt;li id=&amp;quot;item-3&amp;quot;&amp;gt;item3&amp;lt;/li&amp;gt; &amp;lt;li id=&amp;quot;item-4&amp;quot;&amp;gt;item4&amp;lt;/li&amp;gt; &amp;lt;li id=&amp;quot;item-5&amp;quot;&amp;gt;item5&amp;lt;/li&amp;gt;&#39;;
        var ul = document.getElementById(&#39;list&#39;)
        ul.innerHTML(ajaxData);
        var lis = ul.getElementsByTagName(&#39;li&#39;);

        for (var i = 0; i &amp;lt; lis.length; i++) {
            bindEvent(lis[i], i);
        }
    }, 1000);
&amp;lt;/script&amp;gt;
&lt;/code&gt;&lt;/pre&gt;

&lt;p&gt;我们再使用事件代理把事件绑定到 &lt;code&gt;ul&lt;/code&gt; 元素上，我们知道很多事件可以冒并沿着 DOM 树传播到所有的父元素上，我们只需要判断目标元素是不是我们想绑定的真正元素即可&lt;/p&gt;

&lt;pre&gt;&lt;code class=&#34;language-html&#34;&gt;&amp;lt;ul id=&amp;quot;list&amp;quot;&amp;gt;&amp;lt;/ul&amp;gt;
&amp;lt;script&amp;gt;
function delegateEvent(el, eventType, fn) {
    addEvent(el, eventType, function(event) {
        event = event || window.event;
        var target = event.target || event.srcElement;
        fn(target);
    });
}

var el = document.getElementById(&#39;list&#39;);
// 用 setTimeout 模拟 Ajax 伪代码
setTimeout(function() {
    var ajaxData = &#39;&amp;lt;li id=&amp;quot;item-1&amp;quot;&amp;gt;item1&amp;lt;/li&amp;gt; &amp;lt;li id=&amp;quot;item-2&amp;quot;&amp;gt;item2&amp;lt;/li&amp;gt; &amp;lt;li id=&amp;quot;item-3&amp;quot;&amp;gt;item3&amp;lt;/li&amp;gt; &amp;lt;li id=&amp;quot;item-4&amp;quot;&amp;gt;item4&amp;lt;/li&amp;gt; &amp;lt;li id=&amp;quot;item-5&amp;quot;&amp;gt;item5&amp;lt;/li&amp;gt;&#39;;
    el.innerHTML(ajaxData)
}, 1000);

delegateEvent(el, &#39;click&#39;, function(target) {
    console.log(target.id);
});
&amp;lt;/script&amp;gt;
&lt;/code&gt;&lt;/pre&gt;

&lt;p&gt;显然使用了事件代理之后，代码变少了。逻辑也很清晰，关键是以前需要 N 次的绑定操作现在只需要一次&lt;/p&gt;

&lt;h2 id=&#34;jquery-中的事件绑定&#34;&gt;jQuery 中的事件绑定&lt;/h2&gt;

&lt;p&gt;以 jQuery1.6.4 为例，jQuery 提供了很多事件绑定的 API。例如： &lt;code&gt;delegate()&lt;/code&gt;, &lt;code&gt;bind()&lt;/code&gt;, &lt;code&gt;click()&lt;/code&gt;, &lt;code&gt;hover()&lt;/code&gt;, &lt;code&gt;one()&lt;/code&gt;, &lt;code&gt;live()&lt;/code&gt;，这些方法其实都是一些别名，核心是调用了 jQuery 底层事件的 &lt;code&gt;jQuery.event.add&lt;/code&gt; 方法。其实现也是上文提到的 &lt;code&gt;addEventListener&lt;/code&gt; 和 &lt;code&gt;attachEvent&lt;/code&gt; 两个 API&lt;/p&gt;

&lt;p&gt;这些 API 主要是为了方便绑定事件的各种场景，并且内部处理好了兼容性问题。还有一个比较好用的地方就是 &lt;code&gt;事件命名空间&lt;/code&gt;。比如：两个弹出层都向 document 绑定了点击关闭事件，但是如果只想解绑其中一个。这时候使用命名空间再合适不过了。可以试试这个小例子 &lt;a href=&#34;http://jsbin.com/sacinereju/edit?html,output&#34;&gt;Event Binding&lt;/a&gt;&lt;/p&gt;

&lt;pre&gt;&lt;code class=&#34;language-javascript&#34;&gt;$(document).bind(&#39;click.handler1&#39;, function() { console.log(1);})
$(document).bind(&#39;click.handler2&#39;, function() { console.log(2);})

$(document).unbind(&#39;click.handler2&#39;);   // 解除指定的
$(document).unbind(&#39;click&#39;);            // 解除所有点击事件
$(document).unbind()                    // 解除所有事件
&lt;/code&gt;&lt;/pre&gt;

&lt;h2 id=&#34;自定义事件与发布-订阅者设计模式&#34;&gt;自定义事件与发布/订阅者设计模式&lt;/h2&gt;

&lt;p&gt;自定义事件是设计模式中的 &lt;a href=&#34;https://zh.wikipedia.org/wiki/%E5%8F%91%E5%B8%83/%E8%AE%A2%E9%98%85&#34;&gt;发布/订阅者&lt;/a&gt; 的一种实现。发布者与订阅者松散地耦合，而且不需要关心对方的存在。&lt;a href=&#34;https://www.nczonline.net/blog/2010/03/09/custom-events-in-javascript/&#34;&gt;这里&lt;/a&gt;有 NC 大师的一种实现。实际使用过程中，主要被运用在异步操作比较多的场景和不同系统之间消息通信，之前的&lt;a href=&#34;https://keelii.com/2016/07/31/something-have-to-say-with-JD-item/#TOC-25&#34;&gt;文章&lt;/a&gt;中有过一些实例&lt;/p&gt;

&lt;h2 id=&#34;引用&#34;&gt;引用&lt;/h2&gt;

&lt;ul&gt;
&lt;li&gt;&lt;a href=&#34;https://zh.wikipedia.org/wiki/%E4%BA%8B%E4%BB%B6%E9%A9%85%E5%8B%95%E7%A8%8B%E5%BC%8F%E8%A8%AD%E8%A8%88&#34;&gt;事件驱动程序设计&lt;/a&gt;&lt;/li&gt;
&lt;li&gt;&lt;a href=&#34;http://www.quirksmode.org/js/introevents.html&#34;&gt;Introduction to Events&lt;/a&gt;&lt;/li&gt;
&lt;li&gt;&lt;a href=&#34;https://www.nczonline.net/blog/2010/03/09/custom-events-in-javascript/&#34;&gt;Custom events in JavaScript&lt;/a&gt;&lt;/li&gt;
&lt;/ul&gt;</description>
    </item>
    
  </channel>
</rss>