<rss version="2.0" xmlns:atom="http://www.w3.org/2005/Atom">
  <channel>
    <title>RA on 臨池不輟</title>
    <link>https://keelii.com/tags/RA/</link>
    <description>Recent content in RA on 臨池不輟</description>
    <generator>Hugo -- gohugo.io</generator>
    <language>zh-CN</language>
    <lastBuildDate>Sun, 19 Feb 2017 15:10:38 +0800</lastBuildDate>
    
        <atom:link href="https://keelii.com/tags/RA/atom.xml" rel="self" type="application/rss+xml" />
    
    
    <item>
      <title>关系代数的基本运算</title>
      <link>https://keelii.com/2017/02/19/basic-operations-of-relation-algebra/</link>
      <pubDate>Sun, 19 Feb 2017 15:10:38 +0800</pubDate>
      
      <guid>https://keelii.com/2017/02/19/basic-operations-of-relation-algebra/</guid>
      <description>

&lt;h2 id=&#34;关系代数运算符&#34;&gt;关系代数运算符&lt;/h2&gt;

&lt;p&gt;&lt;strong&gt;集合运算符&lt;/strong&gt;&lt;/p&gt;

&lt;table&gt;
&lt;thead&gt;
&lt;tr&gt;
&lt;th&gt;运算符&lt;/th&gt;
&lt;th&gt;含义&lt;/th&gt;
&lt;th&gt;英文&lt;/th&gt;
&lt;/tr&gt;
&lt;/thead&gt;

&lt;tbody&gt;
&lt;tr&gt;
&lt;td&gt;$∪$&lt;/td&gt;
&lt;td&gt;并&lt;/td&gt;
&lt;td&gt;Union&lt;/td&gt;
&lt;/tr&gt;

&lt;tr&gt;
&lt;td&gt;$−$&lt;/td&gt;
&lt;td&gt;差&lt;/td&gt;
&lt;td&gt;Difference&lt;/td&gt;
&lt;/tr&gt;

&lt;tr&gt;
&lt;td&gt;$∩$&lt;/td&gt;
&lt;td&gt;交&lt;/td&gt;
&lt;td&gt;Intersection&lt;/td&gt;
&lt;/tr&gt;

&lt;tr&gt;
&lt;td&gt;$×$&lt;/td&gt;
&lt;td&gt;笛卡尔积&lt;/td&gt;
&lt;td&gt;Cartesian Product&lt;/td&gt;
&lt;/tr&gt;
&lt;/tbody&gt;
&lt;/table&gt;

&lt;p&gt;&lt;strong&gt;比较运算符&lt;/strong&gt;&lt;/p&gt;

&lt;table&gt;
&lt;thead&gt;
&lt;tr&gt;
&lt;th&gt;运算符&lt;/th&gt;
&lt;th&gt;含义&lt;/th&gt;
&lt;/tr&gt;
&lt;/thead&gt;

&lt;tbody&gt;
&lt;tr&gt;
&lt;td&gt;$&amp;gt;$&lt;/td&gt;
&lt;td&gt;大于&lt;/td&gt;
&lt;/tr&gt;

&lt;tr&gt;
&lt;td&gt;$≥$&lt;/td&gt;
&lt;td&gt;大于等于&lt;/td&gt;
&lt;/tr&gt;

&lt;tr&gt;
&lt;td&gt;$&amp;lt;$&lt;/td&gt;
&lt;td&gt;小于&lt;/td&gt;
&lt;/tr&gt;

&lt;tr&gt;
&lt;td&gt;$≤$&lt;/td&gt;
&lt;td&gt;小于等于&lt;/td&gt;
&lt;/tr&gt;

&lt;tr&gt;
&lt;td&gt;$=$&lt;/td&gt;
&lt;td&gt;等于&lt;/td&gt;
&lt;/tr&gt;

&lt;tr&gt;
&lt;td&gt;$≠$&lt;/td&gt;
&lt;td&gt;不等于&lt;/td&gt;
&lt;/tr&gt;
&lt;/tbody&gt;
&lt;/table&gt;

&lt;p&gt;&lt;strong&gt;专门的关系运算符&lt;/strong&gt;&lt;/p&gt;

&lt;table&gt;
&lt;thead&gt;
&lt;tr&gt;
&lt;th&gt;运算符&lt;/th&gt;
&lt;th&gt;含义&lt;/th&gt;
&lt;th&gt;英文&lt;/th&gt;
&lt;/tr&gt;
&lt;/thead&gt;

&lt;tbody&gt;
&lt;tr&gt;
&lt;td&gt;$σ$&lt;/td&gt;
&lt;td&gt;选择&lt;/td&gt;
&lt;td&gt;Selection&lt;/td&gt;
&lt;/tr&gt;

&lt;tr&gt;
&lt;td&gt;$π$&lt;/td&gt;
&lt;td&gt;投影&lt;/td&gt;
&lt;td&gt;Projection&lt;/td&gt;
&lt;/tr&gt;

&lt;tr&gt;
&lt;td&gt;$⋈$&lt;/td&gt;
&lt;td&gt;链接&lt;/td&gt;
&lt;td&gt;Join&lt;/td&gt;
&lt;/tr&gt;

&lt;tr&gt;
&lt;td&gt;$÷$&lt;/td&gt;
&lt;td&gt;除&lt;/td&gt;
&lt;td&gt;Division&lt;/td&gt;
&lt;/tr&gt;
&lt;/tbody&gt;
&lt;/table&gt;

&lt;p&gt;&lt;strong&gt;逻辑运算符&lt;/strong&gt;&lt;/p&gt;

&lt;table&gt;
&lt;thead&gt;
&lt;tr&gt;
&lt;th&gt;运算符&lt;/th&gt;
&lt;th&gt;含义&lt;/th&gt;
&lt;/tr&gt;
&lt;/thead&gt;

&lt;tbody&gt;
&lt;tr&gt;
&lt;td&gt;$∧$&lt;/td&gt;
&lt;td&gt;与&lt;/td&gt;
&lt;/tr&gt;

&lt;tr&gt;
&lt;td&gt;$∨$&lt;/td&gt;
&lt;td&gt;或&lt;/td&gt;
&lt;/tr&gt;

&lt;tr&gt;
&lt;td&gt;$¬$&lt;/td&gt;
&lt;td&gt;非&lt;/td&gt;
&lt;/tr&gt;
&lt;/tbody&gt;
&lt;/table&gt;

&lt;h2 id=&#34;5-种基本的关系代数运算&#34;&gt;5 种基本的关系代数运算&lt;/h2&gt;

&lt;h3 id=&#34;并-union&#34;&gt;并（Union）&lt;/h3&gt;

&lt;p&gt;关系 R 与 S 具有相同的关系模式，即 R 与 S 的元数相同（结构相同），R 与 S 的并是属于 R 或者属于 S 的元组构成的集合，记作 R ∪ S，定义如下：&lt;/p&gt;

&lt;div&gt;
$$R∪S=\{t|t∈R∨t∈S\}$$
&lt;/div&gt;

&lt;h3 id=&#34;差-difference&#34;&gt;差（Difference）&lt;/h3&gt;

&lt;p&gt;关系 R 与 S 具有相同的关系模式，关系 R 与 S 的差是属于 R 但不属于 S 的元组构成的集合，记作 R − S，定义如下：&lt;/p&gt;

&lt;div&gt;
$$R−S=\{t|t∈R∨t∉S\}$$
&lt;/div&gt;

&lt;h3 id=&#34;广义笛卡尔积-extended-cartesian-product&#34;&gt;广义笛卡尔积（Extended Cartesian Product）&lt;/h3&gt;

&lt;p&gt;两个无数分别为 n 目和 m 目的关系 R 和 S 的 笛卡尔积是一个 (n+m) 列的元组的集合。组的前 n 列是关系 R 的一个元组，后 m 列是关系 S 的一个元组，记作 R × S，定义如下：&lt;/p&gt;

&lt;div&gt;
$$R×S=\{t|t=&lt;(t^n,t^m)∧t^n∈R∧t^m∈S\}$$
&lt;/div&gt;

&lt;p&gt;$(t^n,t^m)$ 表示元素 $t^n$ 和 $t^m$ 拼接成的一个元组&lt;/p&gt;

&lt;h3 id=&#34;投影-projection&#34;&gt;投影（Projection）&lt;/h3&gt;

&lt;p&gt;投影运算是从关系的垂直方向进行运算，在关系 R 中选出若干属性列 A 组成新的关系，记作 $π_A(R)$，其形式如下：&lt;/p&gt;

&lt;div&gt;
$$π_A(R)=\{t[A]|t∈R\}$$
&lt;/div&gt;

&lt;h3 id=&#34;选择-selection&#34;&gt;选择（Selection）&lt;/h3&gt;

&lt;p&gt;选择运算是从关系的水平方向进行运算，是从关系 R 中选择满足给定条件的元组，记作 $σ_F(R)$，其形式如下：&lt;/p&gt;

&lt;div&gt;
$$σ_F(R)=\{t|t∈R∧F(t)=True\}$$
&lt;/div&gt;

&lt;h2 id=&#34;实例&#34;&gt;实例&lt;/h2&gt;

&lt;p&gt;设有关系 R、S 如图所示，求 $R∪S$、 $R−S$、 $R×S$、 $π_{A,C}(R)$、 $σ_{A&amp;gt;B}(R)$ 和 $σ_{3&amp;lt;4}(R×S)$&lt;/p&gt;

&lt;p&gt;&lt;img src=&#34;https://img10.360buyimg.com/devfe/jfs/t3967/269/2409299226/5377/e997b909/58a95fceNddd39fd7.png&#34; alt=&#34;关系表RS&#34; /&gt;&lt;/p&gt;

&lt;p&gt;进行并、差运算后结果如下：&lt;/p&gt;

&lt;p&gt;&lt;img src=&#34;https://img14.360buyimg.com/devfe/jfs/t3949/95/2458170516/5487/1c7f1f38/58a967b1N42db123f.png&#34; alt=&#34;并差&#34; /&gt;&lt;/p&gt;

&lt;p&gt;进行笛卡尔、 投影、 选择运算后结果如下：&lt;/p&gt;

&lt;p&gt;&lt;img src=&#34;https://img30.360buyimg.com/devfe/jfs/t3943/109/2403665652/38834/c636281b/58a9685dN20af0b9b.png&#34; alt=&#34;笛卡尔_投影_选择&#34; /&gt;&lt;/p&gt;

&lt;h2 id=&#34;扩展的关系代数运算&#34;&gt;扩展的关系代数运算&lt;/h2&gt;

&lt;h3 id=&#34;交-intersection&#34;&gt;交（Intersection）&lt;/h3&gt;

&lt;p&gt;关系 R 和 S 具有相同的关系模式，交是由属于 R 同时双属于 S 的元组构成的集合，记作 R∩S，形式如下：&lt;/p&gt;

&lt;div&gt;
$$R∩S=\{t|t∈R∧t∈S\}$$
&lt;/div&gt;

&lt;h3 id=&#34;链接-join&#34;&gt;链接（Join）&lt;/h3&gt;

&lt;p&gt;注：下面的 θ 链接应该记作：&lt;img src=&#34;https://img10.360buyimg.com/devfe/jfs/t3967/158/2461240249/2389/530d7d07/58aa580aNe9908740.png&#34; alt=&#34;theta链接&#34; /&gt;&lt;/p&gt;

&lt;h4 id=&#34;θ-链接&#34;&gt;θ 链接&lt;/h4&gt;

&lt;p&gt;从 R 与 S的笛卡尔积中选取属性间满足一定条件的元组，可由基本的关系运算笛卡尔积和选取运算导出，表示为：&lt;/p&gt;

&lt;div&gt;
$$R \Join_{XθY} S = σ_{XθY}(R×S)$$
&lt;/div&gt;

&lt;p&gt;XθY 为链接的条件，θ 是比较运算符，X 和 Y 分别为 R 和 S 上度数相等且可比的属性组&lt;/p&gt;

&lt;p&gt;例如：求 $R \Join_{R.A&amp;lt;S.B} S$，如果为：&lt;/p&gt;

&lt;p&gt;&lt;img src=&#34;https://img14.360buyimg.com/devfe/jfs/t3133/127/6662942086/21071/88c200da/58aa5b1fN3e2316d5.png&#34; alt=&#34;theta链接小于过程&#34; /&gt;&lt;/p&gt;

&lt;h4 id=&#34;等值链接&#34;&gt;等值链接&lt;/h4&gt;

&lt;p&gt;当 θ 为「=」时，称之为等值链接，记为： $R\Join_{X=Y}S$&lt;/p&gt;

&lt;h4 id=&#34;自然链接&#34;&gt;自然链接&lt;/h4&gt;

&lt;p&gt;自然链接是一种特殊的等值链接，它要求两个关系中进行比较的分量必须是 &lt;strong&gt;相同的属性组&lt;/strong&gt;，并且在结果集中将 &lt;strong&gt;重复的属性列&lt;/strong&gt; 去掉&lt;/p&gt;

&lt;p&gt;例如：设有关系 R、S 如图所示，求 $R \Join S$&lt;/p&gt;

&lt;p&gt;&lt;img src=&#34;https://img11.360buyimg.com/devfe/jfs/t3982/212/2472511181/5973/54467e2a/58aa5ffaN970f7e5a.png&#34; alt=&#34;关系RS&#34; /&gt;&lt;/p&gt;

&lt;p&gt;先求出笛卡尔积 $R×S$，找出比较分量（有相同属性组），即: R.A/S.A 与 R.C/S.C&lt;/p&gt;

&lt;p&gt;&lt;img src=&#34;https://img10.360buyimg.com/devfe/jfs/t3841/5/4275908218/12385/79e83d01/58aa6066Nd003e697.png&#34; alt=&#34;求出笛卡尔积&#34; /&gt;&lt;/p&gt;

&lt;p&gt;取等值链接 $R.A = S.A$ 且 $R.C = S.C$&lt;/p&gt;

&lt;p&gt;&lt;img src=&#34;https://img10.360buyimg.com/devfe/jfs/t3256/75/6205568741/12327/2b1dc867/58aa60e8N38a84108.png&#34; alt=&#34;找出相同属性的比较分量&#34; /&gt;&lt;/p&gt;

&lt;p&gt;结果集中去掉重复属性列，注意无论去掉 R.A 或者 S.A 效果都一样，因为他们的值相等，结果集中只会有属性 A、B、C、D&lt;/p&gt;

&lt;p&gt;&lt;img src=&#34;https://img12.360buyimg.com/devfe/jfs/t3217/183/6576493853/4744/ccb96965/58aa612eN043f7425.png&#34; alt=&#34;结果集中找出重复属性列&#34; /&gt;&lt;/p&gt;

&lt;p&gt;最终得出结果&lt;/p&gt;

&lt;p&gt;&lt;img src=&#34;https://img12.360buyimg.com/devfe/jfs/t3247/65/6676502314/2874/657ddb0c/58aa617eN2457f536.png&#34; alt=&#34;RS自然链接结果&#34; /&gt;&lt;/p&gt;

&lt;h3 id=&#34;除-division&#34;&gt;除（Division）&lt;/h3&gt;

&lt;p&gt;设有以下如图关系，求 $R÷S$&lt;/p&gt;

&lt;p&gt;&lt;img src=&#34;https://img10.360buyimg.com/devfe/jfs/t3151/348/6716540896/7287/dc01ad2e/58aaaf3bN1cae8b1a.png&#34; alt=&#34;关系RS1&#34; /&gt;&lt;/p&gt;

&lt;p&gt;取关系 R 中有的但 S 中没有的属性组，即：A、B&lt;/p&gt;

&lt;p&gt;&lt;img src=&#34;https://img11.360buyimg.com/devfe/jfs/t3202/137/6722879648/7244/3b47a185/58aaaf81N0b2491b5.png&#34; alt=&#34;关系RS1取属性AB&#34; /&gt;&lt;/p&gt;

&lt;p&gt;取唯一 A、B 属性组值的象集&lt;/p&gt;

&lt;p&gt;&lt;img src=&#34;https://img11.360buyimg.com/devfe/jfs/t3871/170/2430481542/5179/be5899c5/58aaafe6N8297b49f.png&#34; alt=&#34;关系RS1取属性AB对应的象集&#34; /&gt;&lt;/p&gt;

&lt;p&gt;可知关系S存在于 a,b/c,k 象集 中。即 $R÷S$ 得&lt;/p&gt;

&lt;p&gt;&lt;img src=&#34;https://img10.360buyimg.com/devfe/jfs/t3130/361/6704334588/3366/6b7e0b56/58aab058N3a3c374d.png&#34; alt=&#34;关系RS1除结果&#34; /&gt;&lt;/p&gt;
</description>
    </item>
    
  </channel>
</rss>