<rss version="2.0" xmlns:atom="http://www.w3.org/2005/Atom">
  <channel>
    <title>lisp on 臨池不輟</title>
    <link>https://keelii.com/categories/lisp/</link>
    <description>Recent content in lisp on 臨池不輟</description>
    <generator>Hugo -- gohugo.io</generator>
    <language>zh-CN</language>
    <lastBuildDate>Mon, 04 Jul 2016 09:32:45 +0800</lastBuildDate>
    
        <atom:link href="https://keelii.com/categories/lisp/atom.xml" rel="self" type="application/rss+xml" />
    
    
    <item>
      <title>使用 lisp 简单描述加法运算</title>
      <link>https://keelii.com/2016/07/04/describe-a-simple-add-method-use-lisp/</link>
      <pubDate>Mon, 04 Jul 2016 09:32:45 +0800</pubDate>
      
      <guid>https://keelii.com/2016/07/04/describe-a-simple-add-method-use-lisp/</guid>
      <description>&lt;p&gt;最近在看 &lt;a href=&#34;http://v.youku.com/v_show/id_XNTEzMDAyMTU2.html?f=18958522&#34;&gt;MIT 公开课-计算机程序的构造和解释&lt;/a&gt;，即使你像我一样根本没学过 lisp 也能看懂下面这段代码，这段代码展示了怎么实现加法运算，这种我们几乎从来不会去想为什么的问题，这几行简单的代码告诉我们如何计算出 3 + 4 的值&lt;/p&gt;

&lt;p&gt;由 &lt;a href=&#34;https://zh.wikipedia.org/wiki/%E7%9A%AE%E4%BA%9A%E8%AF%BA%E5%85%AC%E7%90%86&#34;&gt;皮亚诺&lt;/a&gt; 算术定义的求 x 和 y 之和的过程&lt;/p&gt;

&lt;pre&gt;&lt;code class=&#34;language-lisp&#34;&gt;; Define a [+] processor
(define (+ x y)
    (if (= x 0)
        y
        (+ (-1+x) (1+y))))

; x = 3, y = 4
(+ 3 4)
(if (= 3 0) 4 (+ (-1+3) (1+4)))
(+ (-1+3) (1+4))
(+ 2 5)
(if (= 2 0) 5 (+ (-1+2) (1+5)))
(+ (-1+2) (1+5))
(+ 1 6)
(if (= 1 0) 6 (+ (-1+1) (1+6)))
(+ (-1+1) (1+6))
(+ 0 7)
(if (= 0 0) 7 (-1+0) (1+7))
7
&lt;/code&gt;&lt;/pre&gt;</description>
    </item>
    
  </channel>
</rss>