<rss version="2.0" xmlns:atom="http://www.w3.org/2005/Atom">
  <channel>
    <title>http on 臨池不輟</title>
    <link>https://keelii.com/tags/http/</link>
    <description>Recent content in http on 臨池不輟</description>
    <generator>Hugo -- gohugo.io</generator>
    <language>zh-CN</language>
    <lastBuildDate>Sat, 06 Jul 2019 18:33:27 +0000</lastBuildDate>
    
        <atom:link href="https://keelii.com/tags/http/atom.xml" rel="self" type="application/rss+xml" />
    
    
    <item>
      <title>我想要 AOP — 使用 AOP 分离关注点</title>
      <link>https://keelii.com/2019/07/06/i-want-my-aop-cn/</link>
      <pubDate>Sat, 06 Jul 2019 18:33:27 +0000</pubDate>
      
      <guid>https://keelii.com/2019/07/06/i-want-my-aop-cn/</guid>
      <description>

&lt;blockquote&gt;
&lt;p&gt;本文翻译自：&lt;a href=&#34;https://www.javaworld.com/article/2073918/i-want-my-aop---part-1.html&#34;&gt;I want my AOP&lt;/a&gt;&lt;/p&gt;
&lt;/blockquote&gt;

&lt;p&gt;&lt;strong&gt;关注点&lt;/strong&gt;表示人们的一种特殊的意愿、理念或是某个感兴趣的领域。从技术角度来讲：软件系统包括若干&lt;strong&gt;核心的&lt;/strong&gt;、&lt;strong&gt;系统级别的&lt;/strong&gt;关注点。比方说：信用卡处理系统的&lt;strong&gt;核心&lt;/strong&gt;关注点是处理交易，同时系统级别的关注点或许应该是处理日志、事务、一致性、授权、安全、性能等。许多这种关注点被叫做&lt;strong&gt;横切关注点&lt;/strong&gt; — 往往会影响许多模块的实现。&lt;/p&gt;

&lt;p&gt;使用目前的编程方法，跨越多个模块横切关注点会导致系统更难设计、理解、实现和迭代。&lt;/p&gt;

&lt;p&gt;阅读完全的「我想要 AOP」系列文章：&lt;/p&gt;

&lt;ol&gt;
&lt;li&gt;&lt;p&gt;第一部分&lt;/p&gt;&lt;/li&gt;

&lt;li&gt;&lt;p&gt;第二部分&lt;/p&gt;&lt;/li&gt;

&lt;li&gt;&lt;p&gt;第三部分&lt;/p&gt;&lt;/li&gt;
&lt;/ol&gt;

&lt;p&gt;面向切面的编程相比之前的方法更简单的分享了关注点，从而提供横切关注点的模块化。&lt;/p&gt;

&lt;p&gt;在本系列文章中，第一篇涉及 AOP 的概念，我首先解释了在一般复杂的软件系统中由横切关注点引起的问题。然后，我引入了 AOP 核心概念，并展示了 AOP 是如何通过横切关注点解决问题的。&lt;/p&gt;

&lt;p&gt;这个系列的第二篇文章将介绍 AspectJ，Xerox PARC 基于 Java 实现的 AOP 框架。最后一篇文章将以几个示例的方式向你展示 AOP 的概念，并基于建立更易懂、易实现、易迭代的软件系统。&lt;/p&gt;

&lt;h2 id=&#34;软件编程方法的演进&#34;&gt;软件编程方法的演进&lt;/h2&gt;

&lt;p&gt;早些年的计算机科学领域，开发者直接使用机器码进行编程。不幸的是，程序员花了更多时间去考虑特定机器的指令集而不是手头的问题。慢慢地，我们迁移到高级编程语言，高级编程语言允许对底层机器码进行一些抽象。然后结构化的语言出现了；我们现在可以根据任务的执行过程来分解我们的问题。然而，随着复杂度的增长，我们需要更好的技术。面向对象的编程让我们可以把系统看成一系列的合作对象。类可以让我们隐藏接口背后的实现细节。多态提供了通用行的为和接口，并允许更特殊的组件更改指定定行为，而无需接触基本概念的实现。&lt;/p&gt;

&lt;p&gt;编程方法和语言定义了我们与机器交流的方式。每一种新方法都提供某种分解问题的方式：机器码、独立于机器的代码、过程、类等等。每种方法都在建立某种&lt;strong&gt;系统需求&lt;/strong&gt;与&lt;strong&gt;程序结构&lt;/strong&gt;之间的对应关系。这些编程方法的演进让我们可以创建越来越复杂的系统。反过来复杂的系统使得我们又必须使用更先进的技术去解决这些复杂度。&lt;/p&gt;

&lt;p&gt;目前来讲，放多新的软件项目开发都使用面向对象的编程模式。的确，面向对象的编程模式能模拟常见行为方面表现出了强大的能力。然而，我们很快将会看见，或许你已经有所体验了，面向对象的编程模式没能充分地解决许多跨区的行为的问题 — 那种通常不相关的模块。相比而言，面向切面的编程方法填补了这个空白。AOP 很可能代表了编程方法演进的下一个重要方向。&lt;/p&gt;

&lt;h2 id=&#34;将系统看做一系列的关注点&#34;&gt;将系统看做一系列的关注点&lt;/h2&gt;

&lt;p&gt;我们可以将复杂系统看做是多个关注点的联合实现。典型的系统可能包含多种关注点，包括业务逻辑、性能、数据持久化 、日志，以及调试、授权、安全、线程安全 、错误检查等等。而且你还会遇到开发流程中的关注点，比如说：可理解、可维护，可追溯、更易迭代。图1描绘出了一个系统中不同模块关注点的实现。&lt;/p&gt;

&lt;p&gt;&lt;img src=&#34;https://i.loli.net/2019/07/05/5d1f0bb5278bd31387.gif&#34; alt=&#34;&#34; /&gt;图1&lt;/p&gt;

&lt;p&gt;图2展示了一系列的需求（一个光束）通过关注点识别器（棱镜）分离各种关注点成为独立模块。这个过程就对应着我们开发过程的关注点。&lt;/p&gt;

&lt;p&gt;&lt;img src=&#34;https://i.loli.net/2019/07/05/5d1f0d071673b46919.gif&#34; alt=&#34;&#34; /&gt;图2&lt;/p&gt;

&lt;h2 id=&#34;在系统中进行横切&#34;&gt;在系统中进行横切&lt;/h2&gt;

&lt;p&gt;开发者建立一个系统并且负责实现多个需求。我们可以把这些需求大体上从&lt;strong&gt;核心模块&lt;/strong&gt;级别需求与&lt;strong&gt;系统级别&lt;/strong&gt;需求两个维度进行分类。许多系统级别的需求相互之间（或与模块级别的需求）是正交的（相互依赖）。系统级别的需求倾向于横切许多核心模块，比如，一个个典型的企业应用包含的横切关注点有：身份验证，日志记录，资源池，管理，性能和存储管理。每个都被横切成多个子系统。比如，存储管理会影响每个业务对象。&lt;/p&gt;

&lt;p&gt;让我们举个简单的例子，比如有一个单例实现封装了一些业务逻辑：&lt;/p&gt;

&lt;pre&gt;&lt;code&gt;public class SomeBusinessClass extends OtherBusinessClass {
    // 核心数据成员
    // 其它数据成员：比如日志，数据一致性标识
    // 重写基类中的方法
    public void performSomeOperation(OperationInformation info) {
        // 保证授权正常
        // 保证条件正常满足
        // 锁定对象保证数据一致性
        // 线程进入threads access it
        // 保证缓存正常
        // 打印操作启动日志
        // ==== 进行具体的操作 ====
        // 打印操作完成日志
        // 解锁对象
    }
    // 与上面类似的其它操作
    public void save(PersitanceStorage ps) {
    }
    public void load(PersitanceStorage ps) {
    }
}
&lt;/code&gt;&lt;/pre&gt;

&lt;p&gt;上面的代码中我们必须考虑至少三个问题，首先，&lt;strong&gt;其它数据成员&lt;/strong&gt;不属于这个类所关心的内容。其次，performSomeOperation 的实现似乎比核心操作执行了更多的逻辑；它处理了日志、授权、线程安全以及其它&lt;strong&gt;外部&lt;/strong&gt;关注点。重要的是，似乎这些许多外围关注点其它类也会用到。最后，save() 和 load() 方法操作存储层，这两个方法放在这个类中比较合适还是放在其它类中比较合适，这个问题并不是很清楚。&lt;/p&gt;

&lt;h2 id=&#34;横切关注的问题&#34;&gt;横切关注的问题&lt;/h2&gt;

&lt;p&gt;虽然会跨模块横切关注点，但是现在的技术实现倾向于使用一维的方式实现，把问题聚焦在需求与实现的单一维度。这个单一维度的实现将变成&lt;strong&gt;核心模块&lt;/strong&gt;级别的实现。其余的需求围绕着这个主导维度被分类。换句话说，需求空间是多维的，然而实现空间是单维的。这种不匹配会导致需求与实现之间的映射难以做到。&lt;/p&gt;

&lt;h3 id=&#34;症状&#34;&gt;症状&lt;/h3&gt;

&lt;p&gt;使用目前的方法实现横切关注点会出现一些问题/症状，大体上分两类：&lt;/p&gt;

&lt;ul&gt;
&lt;li&gt;&lt;p&gt;&lt;strong&gt;代码纠缠&lt;/strong&gt;：系统中的模块可能会同时地与多个需求交互。比如，开发者经常同时考虑业务逻辑、性能、同步、日志和安全等问题。大量的并行需求导致需要许多关注点的实现同时存在，最终导致代码纠缠。&lt;/p&gt;&lt;/li&gt;

&lt;li&gt;&lt;p&gt;&lt;strong&gt;代码分散&lt;/strong&gt;：由于横切关注点，按定义，很多模块都需要分离，甚至是相关的实现都需要分离。比如，一个使用数据库的系统，性能问题可能会影响所有访问数据库的模块&lt;/p&gt;&lt;/li&gt;
&lt;/ul&gt;

&lt;h3 id=&#34;暗示&#34;&gt;暗示&lt;/h3&gt;

&lt;p&gt;代码纠缠与代码分散对软件设计和开发有以下影响：&lt;/p&gt;

&lt;ul&gt;
&lt;li&gt;&lt;p&gt;&lt;strong&gt;不可追溯&lt;/strong&gt;：同时分离多个关注点会&lt;strong&gt;掩盖&lt;/strong&gt;关注点与实现之间的对应关系，导致关系不清楚&lt;/p&gt;&lt;/li&gt;

&lt;li&gt;&lt;p&gt;&lt;strong&gt;低效的&lt;/strong&gt;：同时实现多个关注点会打乱开发者的注意力，将注意力分散到外围问题上，这将导致低效&lt;/p&gt;&lt;/li&gt;

&lt;li&gt;&lt;p&gt;&lt;strong&gt;代码复用性低&lt;/strong&gt;：由于模块实现了多个需求，其它系统将无法很容易地复用这个模块，进一步导致低效&lt;/p&gt;&lt;/li&gt;

&lt;li&gt;&lt;p&gt;&lt;strong&gt;代码质量低&lt;/strong&gt;：代码纠缠会产生一些不易查觉的问题。此外，一次关注太多问题，某些关注点可能没有被真正关注到&lt;/p&gt;&lt;/li&gt;

&lt;li&gt;&lt;p&gt;&lt;strong&gt;难于迭代&lt;/strong&gt;：有限的视界和受限的资源通常会产生仅解决当前关注点的设计。解决未来问题通常需要重新实现。由于这个实现并不是模块化的，这表示触摸许多模块。为了实现新需求需要修改每个子系统可能会引起不一致的问题。它还需要大量的测试工作来保证实现做出的变更没有引入新问题。&lt;/p&gt;&lt;/li&gt;
&lt;/ul&gt;

&lt;h3 id=&#34;目前的解决方式&#34;&gt;目前的解决方式&lt;/h3&gt;

&lt;p&gt;由于大多数系统都可以横切关注点，因此出现模块化实现的一些技术就不足为奇了。这些技术包括混入（mix-in）类，设计模式和领域特定的解决方案。&lt;/p&gt;

&lt;p&gt;使用混入类可以让你延迟分离关注点到最终的实现。主类包含混入类实例，并允许系统的其他部分设置该实例。例如，上面的信用卡处理例子，将一个实现了业务逻辑的类组合成混入类，系统的其它模块可以通过配置来获取适合自身的日志器。例如，日志器可以设置成使用文件系统或者消息中间件。发送日志的被延后了，但是各个消息发送点（调用的地方）还是需要加入相关的代码。&lt;/p&gt;

&lt;p&gt;基于行为的设计模式，比如说访问者、模板方法，可以让你延迟实现。但是就像混入类一样，控制操作—调用访问逻辑或者模板方法—仍然在主类中。&lt;/p&gt;

&lt;p&gt;&lt;strong&gt;领域特定&lt;/strong&gt;的解决方案，比如说框架和应用服务，让开发者可以用模块化的方式实现横切关注点。比如 EJB 架构，在安全、管理、性能和持久容器管理方面实现横切关注点。Bean 的开发者专注于业务逻辑，部署工程师专注于部署相关问题，比如 bean-data 与数据库的对应关系。对于 Bean 开发者来讲其余需要关注的就只有存储的问题了。在这个例子中你可以使用基于 XML 的映射描述符来实现横切关注点。&lt;/p&gt;

&lt;p&gt;领域特定的解决方案提供了一种特殊的办法来解决指定的问题。它的缺点是，开发者必须为它学习新的技术。然后由于这些解决方案都是领域特定的，它并不能直接有效地横切关注点。&lt;/p&gt;

&lt;h2 id=&#34;构架设计的窘境&#34;&gt;构架设计的窘境&lt;/h2&gt;

&lt;p&gt;好的系统架构会考眼前与未来的一些需求，从而避免打补丁式的实现。但是这有一个问题，预测未来是一件非常困难的事情。如果你没有搞清楚未来的需求，那就需要改变、或者将系统的很多地方重新实现。另外一方面，将精力聚焦在低可能性的一些需求会导致过度的设计、混乱和臃肿的系统。因此系统构架的一个困境是：应该设计到什么程度？我应该保守式的设计还是盈余式的设计。&lt;/p&gt;

&lt;p&gt;比方说，构架中是否应该追念一个初始化时并不需要的日志系统？如果是，日志打点的地方应该在哪里，什么样的信息应该被记录？这个是一个类似的出现在优化相关需求过程中的困境—我们很少提前知道瓶颈，常归的做法是构建一个系统，对其进行分析，并通过优化进行改进以提高性能。这种方法会潜在引导我们根据分析结果去修改系统很多部分。过不了多久，一个新的瓶颈又会出现，而这个瓶颈很可能就是上一步的改进引起的。设计可复用库架构的任务会变得非常困难，因为找到库的所有的使用场景并非易事。&lt;/p&gt;

&lt;p&gt;总之，架构师很少知道系统所有可能需要解决的问题。即使提前了解了需求，一个实现的具体细节可能并没有被考虑到。因此，架构师面临着究竟应该保守设计还是盈余设计的困境。&lt;/p&gt;

&lt;h2 id=&#34;aop-的基本概念&#34;&gt;AOP 的基本概念&lt;/h2&gt;

&lt;p&gt;到这里我们主要讨论了模块化的横切关注点会有很大益处。研究人员已经研究了在「关注点分离」这一更为泛化的主题下完成该任务的各种方法。 AOP 就是这样的一种方法。AOP 力争将关注点彻底分离，以克服上述问题。&lt;/p&gt;

&lt;p&gt;AOP 的核心在于，以松散耦合的方式让你实现一个独立的关注点，然后结合这些实现成为一个最终的系统。确实，AOP 使用松散耦合、模块化的&lt;strong&gt;分离关注点&lt;/strong&gt;的方式来创建系统。相反，OOP，则使用松散耦合、模块化的实现&lt;strong&gt;共同关注点&lt;/strong&gt;方式来创建系统。AOP 中模块化的单位叫做*横切面*（aspect），好比 OOP 中共同的关注点是*类*（class）。&lt;/p&gt;

&lt;p&gt;AOP涉及三个不同的开发步骤：&lt;/p&gt;

&lt;ol&gt;
&lt;li&gt;&lt;p&gt;&lt;strong&gt;切面分解&lt;/strong&gt;：将需求分解并识别出横切关注点与共同关注点。你可以将系统级别的关注点与模块级别关注点分离。比如说，上面提到的信用卡模块，你需要识别三种关注点：信用卡核心流程，日志和授权。&lt;/p&gt;&lt;/li&gt;

&lt;li&gt;&lt;p&gt;&lt;strong&gt;关注点实现&lt;/strong&gt;：分离的实现各个关注点。像上面的例子一样，你可以单独实现核心流程、日志和授权三个单元。&lt;/p&gt;&lt;/li&gt;

&lt;li&gt;&lt;p&gt;&lt;strong&gt;切面重组&lt;/strong&gt;：在这个步骤中，切面集成器通过创建模块化单元来指定重组规则 — 切面。重组过程（也称为&lt;strong&gt;编织&lt;/strong&gt;或集成）使用此信息来组合成最终系统。比如上面的信用卡例子，你得使用一种 AOP 实现的*语言*具体/规范化操作中哪一步需要打日志。还得指定每个操作在被前都需要清除授权。&lt;/p&gt;&lt;/li&gt;
&lt;/ol&gt;

&lt;p&gt;&lt;img src=&#34;https://i.loli.net/2019/07/06/5d207ff77b21c16740.gif&#34; alt=&#34;&#34; /&gt;&lt;/p&gt;

&lt;p&gt;AOP 实现横切关注点的方法与 OOP 不一样。对于 AOP 来讲，每个关注点的实现并不会意识到其它关注点下在横切它。比如上面的信用卡例子，信用止处理模块并不知道其它的关注点是日志、授权操作。这对于 OOP 来讲意味着很大的范式转换。&lt;/p&gt;

&lt;p&gt;注意：一个 AOP 的实现可以采用其它编程方法作为它的基本方法。因此可以保证基础系统非常完善。比如说，一个 AOP 的实现可以选择 OOP 做为基础系统，这样就可以获得 OOP 共同关注点的优势。每个独立的关注点可以采用 OOP 技术识别关注点。这类似于过程式的语言可以做为许多 OOP 语言的基础语言。&lt;/p&gt;

&lt;h2 id=&#34;编织的例子&#34;&gt;编织的例子&lt;/h2&gt;

&lt;p&gt;编织器是一个将独立的关注点纺织起来的过程。换句话说，编织器根据提供给它的某些标准将不同的执行逻辑片段编织起来。&lt;/p&gt;

&lt;p&gt;为了能够演示编织过程，让我们回到之前的信用卡处理系统的例子。为了看起来更简单，我们只考虑两个操作：信用卡和借记卡。并且已经有一个合适的日志器了。&lt;/p&gt;

&lt;p&gt;考虑下面的信用卡处理模块：&lt;/p&gt;

&lt;pre&gt;&lt;code&gt;public class CreditCardProcessor {
    public void debit(CreditCard card, Currency amount) 
       throws InvalidCardException, NotEnoughAmountException,
              CardExpiredException {
        // Debiting logic
    }
    
    public void credit(CreditCard card, Currency amount) 
        throws InvalidCardException {
        // Crediting logic
    }
}
&lt;/code&gt;&lt;/pre&gt;

&lt;p&gt;同样还有一个日志接口：&lt;/p&gt;

&lt;pre&gt;&lt;code&gt;public interface Logger {
    public void log(String message);
}
&lt;/code&gt;&lt;/pre&gt;

&lt;p&gt;我们想要的组合需要以下编织规则，这些规则以自然语言表示（稍后将提供这些编织规则的编程语言版本）：&lt;/p&gt;

&lt;ol&gt;
&lt;li&gt;&lt;p&gt;打印每个公共操作的开始&lt;/p&gt;&lt;/li&gt;

&lt;li&gt;&lt;p&gt;打印每个公共操作完成&lt;/p&gt;&lt;/li&gt;

&lt;li&gt;&lt;p&gt;打印每个公共操作的异常&lt;/p&gt;&lt;/li&gt;
&lt;/ol&gt;

&lt;p&gt;编织器随后将使用这些规则，并关注每个实现以产生等价于以下代码的效果。&lt;/p&gt;

&lt;pre&gt;&lt;code&gt;public class CreditCardProcessorWithLogging {
    Logger _logger;
    public void debit(CreditCard card, Money amount) 
        throws InvalidCardException, NotEnoughAmountException,
               CardExpiredException {
        _logger.log(&amp;quot;Starting CreditCardProcessor.credit(CreditCard,
Money) &amp;quot;
                    + &amp;quot;Card: &amp;quot; + card + &amp;quot; Amount: &amp;quot; + amount);
        // Debiting logic
        _logger.log(&amp;quot;Completing CreditCardProcessor.credit(CreditCard,
Money) &amp;quot;
                    + &amp;quot;Card: &amp;quot; + card + &amp;quot; Amount: &amp;quot; + amount);
    }
    
    public void credit(CreditCard card, Money amount) 
        throws InvalidCardException {
        System.out.println(&amp;quot;Debiting&amp;quot;);
        _logger.log(&amp;quot;Starting CreditCardProcessor.debit(CreditCard,
Money) &amp;quot;
                    + &amp;quot;Card: &amp;quot; + card + &amp;quot; Amount: &amp;quot; + amount);
        // Crediting logic
        _logger.log(&amp;quot;Completing CreditCardProcessor.credit(CreditCard,
Money) &amp;quot;
                    + &amp;quot;Card: &amp;quot; + card + &amp;quot; Amount: &amp;quot; + amount);
    }
}
&lt;/code&gt;&lt;/pre&gt;

&lt;h2 id=&#34;分解-aop-语言&#34;&gt;分解 AOP 语言&lt;/h2&gt;

&lt;p&gt;就像其它编程语言方法的实现，AOP 实现包括两个部分：一种语言规范和一种实现。语言规范描述语言的构成与语法。实现则根据语言规范去论证代码的正确性，然后转换成机器码然后执行。在这小节中，我将解释 AOP 语言的不同组成部分。&lt;/p&gt;

&lt;h4 id=&#34;aop-语言的规范&#34;&gt;AOP 语言的规范&lt;/h4&gt;

&lt;p&gt;在一个高层次上，AOP 语言有两种组件：&lt;/p&gt;

&lt;ul&gt;
&lt;li&gt;&lt;p&gt;&lt;strong&gt;关注点的实现&lt;/strong&gt;：创建一个独立的需求与代码之间的对应关系，这样编译器才能翻译成可执行代码。由于关注点的实现需要通过具体的过程，你可以使用传统的语言，比如 C，C++ 或者 Java&lt;/p&gt;&lt;/li&gt;

&lt;li&gt;&lt;p&gt;&lt;strong&gt;编织规则的规范&lt;/strong&gt;：如何将独立的关注点实现结合成最终的系统。为了达到这个目标，实现需要使用或者创建一种语言来具体说明结合的规则。具体化编织规则的语言可以是实现语言的一种扩展，或者其它完全不同的东西。&lt;/p&gt;&lt;/li&gt;
&lt;/ul&gt;

&lt;h4 id=&#34;aop-语言的实现&#34;&gt;AOP 语言的实现&lt;/h4&gt;

&lt;p&gt;AOP 语言编译器有以下两个逻辑步骤：&lt;/p&gt;

&lt;ol&gt;
&lt;li&gt;&lt;p&gt;结合独立的关注点&lt;/p&gt;&lt;/li&gt;

&lt;li&gt;&lt;p&gt;转换最终结果成可执行代码&lt;/p&gt;&lt;/li&gt;
&lt;/ol&gt;

&lt;p&gt;AOP 语言实现编织器的方法有很多，包括源码到源码的翻译。你可以预处理独立切面的源码，然后将它加工成编织过的源码。然后 AOP 编译器将这些源码转交给基本语言编译器用来生成最终可执行代码，最后让 Java 编译器把代码编译成子节码。同样的，编织过程可以是子节码级别的；毕竟，子节码也是一种源代码。引外底层系统—VM虚拟机，是可以感知到切面的。使用这种基于 Java 的 AOP 实现，比如，VM虚拟机将首先加载编织规则，然后将这些规则应用到随后加载的类中。换句话说，它表现得像是 JIT 化的切面编织。&lt;/p&gt;

&lt;h2 id=&#34;aop-的益处&#34;&gt;AOP 的益处&lt;/h2&gt;

&lt;p&gt;AOP 有助于克服由代码纠缠和代码分散引起的上述问题。以下是 AOP 提供的其他优势：&lt;/p&gt;

&lt;ul&gt;
&lt;li&gt;&lt;p&gt;&lt;strong&gt;模块化地横切关注点&lt;/strong&gt;：AOP 使得每个独立的关注点有最小化的耦合，最终产出模块化的实现。这样的一种实现会产生很少的重复代码。由于每个关注点的实现是分离的，也将减少无用代码，更重要的模块化的实现让最终系统更易于理解与维护。&lt;/p&gt;&lt;/li&gt;

&lt;li&gt;&lt;p&gt;&lt;strong&gt;更便于系统迭代&lt;/strong&gt;：由于切面模块对于横切关注点是无感知的，添加新功能、新切面将变得简单。而且当你在系统中添加新模块时，现有的切面将横切它们，这有助于你构建一系列连贯的迭代演进。&lt;/p&gt;&lt;/li&gt;

&lt;li&gt;&lt;p&gt;&lt;strong&gt;延迟设计目标的绑定&lt;/strong&gt;：回顾下架构师的困境，有了 AOP，架构师对于将来的需求就可以推迟做出设计上的决定，因为他可以用分离的切面来实现。&lt;/p&gt;&lt;/li&gt;

&lt;li&gt;&lt;p&gt;&lt;strong&gt;更高的代码复用性&lt;/strong&gt;：由于 AOP 分离的实现每个切面，每个独立模块之间的耦合更加的松散。比如说，你可以使用不同的日志器来记录你模块与数据库的操作。通常来讲，松散耦合的实现是代码高复用性的关键点。 AOP 的实现比 OOP 的实现更加松散耦合。&lt;/p&gt;&lt;/li&gt;
&lt;/ul&gt;

&lt;h2 id=&#34;aspectj-一种-java-的-aop-实现&#34;&gt;AspectJ：一种 Java 的 AOP 实现&lt;/h2&gt;

&lt;p&gt;略&lt;/p&gt;
</description>
    </item>
    
    <item>
      <title>HTTPie 官方文档中文翻译版</title>
      <link>https://keelii.com/2018/09/03/HTTPie/</link>
      <pubDate>Mon, 03 Sep 2018 19:10:27 +0000</pubDate>
      
      <guid>https://keelii.com/2018/09/03/HTTPie/</guid>
      <description>

&lt;p&gt;HTTPie 是一个命令行 HTTP 客户端。目标是让 CLI 与 Web services 的交互尽可能的更友
好。它提供了一个简单的 &lt;code&gt;http&lt;/code&gt; 命令，可以让我们用简单自然的表述发送任意 HTTP 请求
，并且可以输出带代码高亮的结果。HTTPie 可以使用在测试、调试以及通用的与 HTTP 交
互场景&lt;/p&gt;

&lt;h2 id=&#34;主要功能特性&#34;&gt;主要功能特性&lt;/h2&gt;

&lt;ul&gt;
&lt;li&gt;自然而且简单的命令语句&lt;/li&gt;
&lt;li&gt;格式化且高亮显示输出内容&lt;/li&gt;
&lt;li&gt;内置 JSON 支持&lt;/li&gt;
&lt;li&gt;表单和文件上传&lt;/li&gt;
&lt;li&gt;支持 HTTPS, 代理和授权验证&lt;/li&gt;
&lt;li&gt;支持多样化的请求数据格式&lt;/li&gt;
&lt;li&gt;自定义 headers 头&lt;/li&gt;
&lt;li&gt;持久 sessions 存储&lt;/li&gt;
&lt;li&gt;类似 &lt;code&gt;wget&lt;/code&gt; 的下载模式&lt;/li&gt;
&lt;li&gt;兼容 Python 2.6, 2.7 以及 3.x&lt;/li&gt;
&lt;li&gt;支持 Linux, macOS 和 Windows 操作系统&lt;/li&gt;
&lt;li&gt;插件支持&lt;/li&gt;
&lt;li&gt;详细的文档说明&lt;/li&gt;
&lt;li&gt;完善的测试用例覆盖&lt;/li&gt;
&lt;/ul&gt;

&lt;h2 id=&#34;安装&#34;&gt;安装&lt;/h2&gt;

&lt;h3 id=&#34;macos&#34;&gt;macOS&lt;/h3&gt;

&lt;p&gt;在 macOS 系统中推荐使用 &lt;a href=&#34;brew.sh&#34;&gt;Homebrew&lt;/a&gt; 来安装:&lt;/p&gt;

&lt;pre&gt;&lt;code class=&#34;language-bash&#34;&gt;brew install httpie
&lt;/code&gt;&lt;/pre&gt;

&lt;p&gt;当然 MacPorts 也是可以的:&lt;/p&gt;

&lt;pre&gt;&lt;code class=&#34;language-bash&#34;&gt;port install httpie
&lt;/code&gt;&lt;/pre&gt;

&lt;h3 id=&#34;linux&#34;&gt;Linux&lt;/h3&gt;

&lt;p&gt;大多数的 Linux 构建版都提供了包管理组件，可以使用他们来安装：&lt;/p&gt;

&lt;pre&gt;&lt;code class=&#34;language-bash&#34;&gt;# 基于 Debian Linux 的构建版，比如 Ubuntu
apt-get install httpie

# 基于 RPM Linux 的构建版
yum install httpie

# Arch Linux 系统
pacman -S httpie
&lt;/code&gt;&lt;/pre&gt;

&lt;h3 id=&#34;windows-及其它&#34;&gt;Windows 及其它&lt;/h3&gt;

&lt;p&gt;使用 &lt;a href=&#34;https://pip.pypa.io/en/latest/installing/&#34;&gt;pip&lt;/a&gt; 是一种通用的（可以使用在
Windows, MacOS, Linux &amp;hellip;）并且提供最新版本安装包的安装方法&lt;/p&gt;

&lt;pre&gt;&lt;code class=&#34;language-bash&#34;&gt;# 确保使用了最新版本的 pip 和 setuptools:
pip install --upgrade pip setuptools

pip install --upgrade httpie
&lt;/code&gt;&lt;/pre&gt;

&lt;h3 id=&#34;开发版&#34;&gt;开发版&lt;/h3&gt;

&lt;p&gt;最新的开发版本可以直接通过 github 安装&lt;/p&gt;

&lt;pre&gt;&lt;code class=&#34;language-bash&#34;&gt;# Homebrew
brew install httpie --HEAD

# pip
pip install --upgrade https://github.com/jkbrzt/httpie/archive/master.tar.gz
&lt;/code&gt;&lt;/pre&gt;

&lt;h3 id=&#34;python-版本&#34;&gt;Python 版本&lt;/h3&gt;

&lt;p&gt;虽然兼容 Python 2.6, 2.7 版本的，但是如果可以的话还是建议使用最新版的 Python 3.x
来安装 HTTPie。这将保证一些比较新的功能（比如：&lt;a href=&#34;#服务器名称指示
-sni-server-name-indication&#34;&gt;SNI&lt;/a&gt; ）可以开箱即用。Python 3 在 Homebrew 0.9.4 版本以上
已经成为了默认的 Python 版本。可以使用 &lt;code&gt;http --debug&lt;/code&gt; 来查看 HTTPie 使用的
python 版本&lt;/p&gt;

&lt;h2 id=&#34;使用&#34;&gt;使用&lt;/h2&gt;

&lt;p&gt;最简单的使用：&lt;/p&gt;

&lt;pre&gt;&lt;code class=&#34;language-bash&#34;&gt;http httpie.org
&lt;/code&gt;&lt;/pre&gt;

&lt;p&gt;使用语法：&lt;/p&gt;

&lt;pre&gt;&lt;code class=&#34;language-bash&#34;&gt;http [flags] [METHOD] URL [ITEM [ITEM]]
&lt;/code&gt;&lt;/pre&gt;

&lt;p&gt;也可以使用 &lt;code&gt;http --help&lt;/code&gt; 来查看更多使用方法：&lt;/p&gt;

&lt;h3 id=&#34;例子&#34;&gt;例子&lt;/h3&gt;

&lt;p&gt;自定义 HTTP 方法，HTTP 头和 JSON 数据：&lt;/p&gt;

&lt;pre&gt;&lt;code class=&#34;language-bash&#34;&gt;http PUT example.org X-API-Token:123 name=John
&lt;/code&gt;&lt;/pre&gt;

&lt;p&gt;表单提交：&lt;/p&gt;

&lt;pre&gt;&lt;code class=&#34;language-bash&#34;&gt;http -f POST example.org hello=World
&lt;/code&gt;&lt;/pre&gt;

&lt;p&gt;使用一个输出参数 &lt;code&gt;-v&lt;/code&gt; 来查看请求信息（默认不显示请求信息）：&lt;/p&gt;

&lt;pre&gt;&lt;code class=&#34;language-bash&#34;&gt;http -v example.org
&lt;/code&gt;&lt;/pre&gt;

&lt;p&gt;使用 &lt;a href=&#34;http://developer.github.com/v3/issues/comments/#create-a-comment&#34;&gt;Github
API&lt;/a&gt; 向 issue
发送一条评论（需要授权验证参数）：&lt;/p&gt;

&lt;pre&gt;&lt;code class=&#34;language-bash&#34;&gt;http -a USERNAME POST https://api.github.com/repos/jkbrzt/httpie/issues/83/comments body=&#39;HTTPie is awesome! :heart:&#39;
&lt;/code&gt;&lt;/pre&gt;

&lt;p&gt;通过命令行的输入重定向上传文件：&lt;/p&gt;

&lt;pre&gt;&lt;code class=&#34;language-bash&#34;&gt;http example.org &amp;lt; file.json
&lt;/code&gt;&lt;/pre&gt;

&lt;p&gt;使用 &lt;code&gt;wget&lt;/code&gt; 风格下载文件：&lt;/p&gt;

&lt;pre&gt;&lt;code class=&#34;language-bash&#34;&gt;http --download example.org/file
&lt;/code&gt;&lt;/pre&gt;

&lt;p&gt;使用命令会话对同一 host 进行请求之间的持久通信：&lt;/p&gt;

&lt;pre&gt;&lt;code class=&#34;language-bash&#34;&gt;http --session=logged-in -a username:password httpbin.org/get API-Key:123
http --session=logged-in httpbin.org/headers
&lt;/code&gt;&lt;/pre&gt;

&lt;p&gt;自定义请求 host 头：&lt;/p&gt;

&lt;pre&gt;&lt;code class=&#34;language-bash&#34;&gt;http localhost:8000 Host:example.com
&lt;/code&gt;&lt;/pre&gt;

&lt;h2 id=&#34;http-方法&#34;&gt;HTTP 方法&lt;/h2&gt;

&lt;p&gt;HTTP 方法的名称在 URL 参数之前：&lt;/p&gt;

&lt;pre&gt;&lt;code class=&#34;language-bash&#34;&gt;http DELETE example.org/todos/7
&lt;/code&gt;&lt;/pre&gt;

&lt;p&gt;这看起来就像是原生的 HTTP 请求发送的文本一样：&lt;/p&gt;

&lt;pre&gt;&lt;code class=&#34;language-http&#34;&gt;DELETE /todos/7 HTTP/1.1
&lt;/code&gt;&lt;/pre&gt;

&lt;h2 id=&#34;请求-url&#34;&gt;请求 URL&lt;/h2&gt;

&lt;p&gt;HTTPie 唯一必传的一个参数是请求 URL，默认的方案不出意料的是 &lt;code&gt;http://&lt;/code&gt;，可以在请
求的时候缺省 - &lt;code&gt;http example.org&lt;/code&gt; 是没问题的&lt;/p&gt;

&lt;h3 id=&#34;querystring-参数&#34;&gt;Querystring 参数&lt;/h3&gt;

&lt;p&gt;如果需要在命令行手动构建 URLs，你可能会觉得使用 &lt;code&gt;param==value&lt;/code&gt; 添加参数的方式是
比较方便的，这样你就不需要担心命令行中转义链接字符串 &lt;code&gt;&amp;amp;&lt;/code&gt; 的问题，当然参数中的特
殊字符也将被自动转义（除非已经转义过）。用下面的命令搜索 &lt;code&gt;HTTPie logo&lt;/code&gt; 可以在
google 图片上结果：&lt;/p&gt;

&lt;pre&gt;&lt;code class=&#34;language-bash&#34;&gt;http www.google.com search==&#39;HTTPie logo&#39; tbm==isch

GET /?search=HTTPie+logo&amp;amp;tbm=isch HTTP/1.1
&lt;/code&gt;&lt;/pre&gt;

&lt;h3 id=&#34;localhost-的-url-缩写&#34;&gt;localhost 的 URL 缩写&lt;/h3&gt;

&lt;p&gt;另外，类似 &lt;code&gt;curl&lt;/code&gt; 的 localhost 缩写也是支持的。这表示你可以使用 &lt;code&gt;:3000&lt;/code&gt; 来代替
&lt;code&gt;http://localhost:3000&lt;/code&gt;, 如果不传入端口号，&lt;code&gt;80&lt;/code&gt; 将会默认被使用&lt;/p&gt;

&lt;pre&gt;&lt;code class=&#34;language-bash&#34;&gt;http :/foo

GET /foo HTTP/1.1
Host: localhost
&lt;/code&gt;&lt;/pre&gt;

&lt;pre&gt;&lt;code class=&#34;language-bash&#34;&gt;http :3000/bar

GET /bar HTTP/1.1
Host: localhost:3000
&lt;/code&gt;&lt;/pre&gt;

&lt;pre&gt;&lt;code class=&#34;language-bash&#34;&gt;http :

GET / HTTP/1.1
Host: localhost
&lt;/code&gt;&lt;/pre&gt;

&lt;h3 id=&#34;自定义默认的方案&#34;&gt;自定义默认的方案&lt;/h3&gt;

&lt;p&gt;你可以使用 &lt;code&gt;--default-scheme &amp;lt;URL_SCHEME&amp;gt;&lt;/code&gt; 参数来指定非 HTTP 的其它协义&lt;/p&gt;

&lt;pre&gt;&lt;code class=&#34;language-bash&#34;&gt;alias https=&#39;http --default-scheme=https&#39;
&lt;/code&gt;&lt;/pre&gt;

&lt;h2 id=&#34;请求项&#34;&gt;请求项&lt;/h2&gt;

&lt;p&gt;不同的请求项类型提供一种便捷的方法来指定 HTTP 头、简单的 JSON
、表单数据、文件、URL 参数&lt;/p&gt;

&lt;p&gt;URL 参数后面紧随的是 &lt;code&gt;键/值&lt;/code&gt; 对参数都会被拼装成请求发送。不同类型的 &lt;code&gt;键/值&lt;/code&gt; 对分
割符号分别是：&lt;code&gt;:&lt;/code&gt;, &lt;code&gt;=&lt;/code&gt;, &lt;code&gt;:=&lt;/code&gt;, &lt;code&gt;@&lt;/code&gt;, &lt;code&gt;=@&lt;/code&gt;, &lt;code&gt;:=@&lt;/code&gt;。用 &lt;code&gt;@&lt;/code&gt; 分割的参数表示文件路径&lt;/p&gt;

&lt;table&gt;
&lt;thead&gt;
&lt;tr&gt;
&lt;th align=&#34;right&#34;&gt;项类型(item type)&lt;/th&gt;
&lt;th align=&#34;left&#34;&gt;描述(Description)&lt;/th&gt;
&lt;/tr&gt;
&lt;/thead&gt;

&lt;tbody&gt;
&lt;tr&gt;
&lt;td align=&#34;right&#34;&gt;HTTP 头参数&lt;br/&gt; &lt;code&gt;Name:Value&lt;/code&gt;&lt;/td&gt;
&lt;td align=&#34;left&#34;&gt;任意的 HTTP 头，比如：&lt;code&gt;X-API-Token:123&lt;/code&gt;&lt;/td&gt;
&lt;/tr&gt;

&lt;tr&gt;
&lt;td align=&#34;right&#34;&gt;URL 参数&lt;br/&gt; &lt;code&gt;name==value&lt;/code&gt;&lt;/td&gt;
&lt;td align=&#34;left&#34;&gt;通过分割符 &lt;code&gt;==&lt;/code&gt; 表示一个查询字符串的 &lt;code&gt;键/值&lt;/code&gt; 对&lt;/td&gt;
&lt;/tr&gt;

&lt;tr&gt;
&lt;td align=&#34;right&#34;&gt;数据域&lt;br/&gt; &lt;code&gt;field=value&lt;/code&gt;,&lt;br/&gt; &lt;code&gt;field=@file.txt&lt;/code&gt;&lt;/td&gt;
&lt;td align=&#34;left&#34;&gt;请求一个默认会被序列化成 JSON 的数据域，或者表单类型 form-encoded&lt;code&gt;(--form, -f)&lt;/code&gt;&lt;/td&gt;
&lt;/tr&gt;

&lt;tr&gt;
&lt;td align=&#34;right&#34;&gt;纯 JSON 域&lt;br/&gt; &lt;code&gt;field:=json&lt;/code&gt;,&lt;br/&gt; &lt;code&gt;field:=@file.json&lt;/code&gt;&lt;/td&gt;
&lt;td align=&#34;left&#34;&gt;当需要指定一个或者多数域参数类型 &lt;code&gt;boolean&lt;/code&gt;, &lt;code&gt;number&lt;/code&gt; .. 时非常有用， 比如：meals:=&amp;rsquo;[&amp;ldquo;ham&amp;rdquo;,&amp;ldquo;spam&amp;rdquo;]&amp;rsquo; or pies:=&lt;a href=&#34;注意引号&#34;&gt;1,2,3&lt;/a&gt;.&lt;/td&gt;
&lt;/tr&gt;

&lt;tr&gt;
&lt;td align=&#34;right&#34;&gt;Form 表单文件域&lt;/td&gt;
&lt;td align=&#34;left&#34;&gt;仅当传入参数 &lt;code&gt;--form, -f&lt;/code&gt; 时有效，比如 &lt;code&gt;screenshot@~/Pictures/img.png&lt;/code&gt; 文件内容将会被序列化成 &lt;code&gt;multipart/form-data&lt;/code&gt; 发送&lt;/td&gt;
&lt;/tr&gt;
&lt;/tbody&gt;
&lt;/table&gt;

&lt;p&gt;数据域不是唯一的指定请求数据的方式，&lt;a href=&#34;#重定向输入&#34;&gt;重定向输入&lt;/a&gt;也可以&lt;/p&gt;

&lt;h3 id=&#34;字符转义规则&#34;&gt;字符转义规则&lt;/h3&gt;

&lt;p&gt;可以使用 &lt;code&gt;\&lt;/code&gt; 来转义不应该被用于分割符的情况。比如 &lt;code&gt;foo\==bar&lt;/code&gt; 会被转义成一个数据
键值对（foo= 和 bar）而不是 URL 参数&lt;/p&gt;

&lt;p&gt;通常情况需要使用引号包围值，比如 &lt;code&gt;foo=&#39;bar baz&#39;&lt;/code&gt;&lt;/p&gt;

&lt;p&gt;如果有一个域的名字或者 header 以减号开头，你需要把这些参数放在一个特殊符号 &lt;code&gt;--&lt;/code&gt;
&lt;strong&gt;后面&lt;/strong&gt; ，这样做是为了和 &lt;code&gt;--arguments&lt;/code&gt; 区分开&lt;/p&gt;

&lt;pre&gt;&lt;code class=&#34;language-bash&#34;&gt;http httpbin.org/post  --  -name-starting-with-dash=foo -Unusual-Header:bar

POST /post HTTP/1.1
-Unusual-Header: bar
Content-Type: application/json

{
    &amp;quot;-name-starting-with-dash&amp;quot;: &amp;quot;value&amp;quot;
}
&lt;/code&gt;&lt;/pre&gt;

&lt;h2 id=&#34;json&#34;&gt;JSON&lt;/h2&gt;

&lt;p&gt;JSON 是现代 web services 通用规范，HTTPie 也默认遵循了它的 &lt;strong&gt;不严格的数据类型&lt;/strong&gt;&lt;/p&gt;

&lt;pre&gt;&lt;code class=&#34;language-bash&#34;&gt;http PUT example.org name=John email=john@example.org

PUT / HTTP/1.1
Accept: application/json, */*
Accept-Encoding: gzip, deflate
Content-Type: application/json
Host: example.org

{
    &amp;quot;name&amp;quot;: &amp;quot;John&amp;quot;,
    &amp;quot;email&amp;quot;: &amp;quot;john@example.org&amp;quot;
}
&lt;/code&gt;&lt;/pre&gt;

&lt;h3 id=&#34;默认行为&#34;&gt;默认行为&lt;/h3&gt;

&lt;p&gt;如果你的命令包含了一些请求项数据，它们将默认被序列化成 JSON 对象。HTTPie 会默认
自动添加下面两个 header 头，当然这两个头也可以重新传入&lt;/p&gt;

&lt;table&gt;
&lt;thead&gt;
&lt;tr&gt;
&lt;th align=&#34;right&#34;&gt;Content-Type&lt;/th&gt;
&lt;th align=&#34;left&#34;&gt;&lt;code&gt;application/json&lt;/code&gt;&lt;/th&gt;
&lt;/tr&gt;
&lt;/thead&gt;

&lt;tbody&gt;
&lt;tr&gt;
&lt;td align=&#34;right&#34;&gt;Accept&lt;/td&gt;
&lt;td align=&#34;left&#34;&gt;&lt;code&gt;application/json, */*&lt;/code&gt;&lt;/td&gt;
&lt;/tr&gt;
&lt;/tbody&gt;
&lt;/table&gt;

&lt;h3 id=&#34;明确的-json&#34;&gt;明确的 JSON&lt;/h3&gt;

&lt;p&gt;你可以使用命令行参数 &lt;code&gt;--json, -j&lt;/code&gt; 明确地设置 &lt;code&gt;Accept&lt;/code&gt; 为 &lt;code&gt;application/json&lt;/code&gt; 而无
需在意发送的数据是什么（这是个快捷方式，也可以使用普通的 header 注解：&lt;code&gt;http url
Accept:&#39;application/json, */*&#39;&lt;/code&gt;），另外，HTTPie 会试着检测 JSON 响应，即使
&lt;code&gt;Content-Type&lt;/code&gt; 是不正常的 &lt;code&gt;text/plain&lt;/code&gt; 或者未知类型&lt;/p&gt;

&lt;h3 id=&#34;非字符串的-json-域&#34;&gt;非字符串的 JSON 域&lt;/h3&gt;

&lt;p&gt;非字符串类型的 JSON 域使用 &lt;code&gt;:=&lt;/code&gt; 分割，这可以允许你嵌入原生纯 JSON 到结果对象，文
本和原生的纯 JSNO 文件也可以使用 &lt;code&gt;=@&lt;/code&gt; 和 &lt;code&gt;:=G&lt;/code&gt; 嵌入&lt;/p&gt;

&lt;pre&gt;&lt;code class=&#34;language-bash&#34;&gt;http PUT api.example.com/person/1 \
    name=John \
    age:=29 married:=false hobbies:=&#39;[&amp;quot;http&amp;quot;, &amp;quot;pies&amp;quot;]&#39; \  # Raw JSON
    description=@about-john.txt \   # Embed text file
    bookmarks:=@bookmarks.json      # Embed JSON file

PUT /person/1 HTTP/1.1
Accept: application/json, */*
Content-Type: application/json
Host: api.example.com

{
    &amp;quot;age&amp;quot;: 29,
    &amp;quot;hobbies&amp;quot;: [
        &amp;quot;http&amp;quot;,
        &amp;quot;pies&amp;quot;
    ],
    &amp;quot;description&amp;quot;: &amp;quot;John is a nice guy who likes pies.&amp;quot;,
    &amp;quot;married&amp;quot;: false,
    &amp;quot;name&amp;quot;: &amp;quot;John&amp;quot;,
    &amp;quot;bookmarks&amp;quot;: {
        &amp;quot;HTTPie&amp;quot;: &amp;quot;http://httpie.org&amp;quot;,
    }
}
&lt;/code&gt;&lt;/pre&gt;

&lt;p&gt;不过请注意，当发送复杂数据的时候，这个例子使用的语法会显得很笨重。在这种情况下 &lt;a href=&#34;#重定向输入&#34;&gt;
重定向输入&lt;/a&gt; 将会更合适：&lt;/p&gt;

&lt;pre&gt;&lt;code class=&#34;language-bash&#34;&gt;http POST api.example.com/person/1 &amp;lt; person.json
&lt;/code&gt;&lt;/pre&gt;

&lt;h2 id=&#34;表单&#34;&gt;表单&lt;/h2&gt;

&lt;p&gt;提交表单和发送 JSON 请求很相似，通常情况下唯一的不同是添加额外的 &lt;code&gt;--form, -f&lt;/code&gt; 参
数，这将确保数据域和 &lt;code&gt;Content-Type&lt;/code&gt; 被设置成 &lt;code&gt;application/x-www-form-urlencoded;
charset=utf-8&lt;/code&gt;&lt;/p&gt;

&lt;h3 id=&#34;普通的表单&#34;&gt;普通的表单&lt;/h3&gt;

&lt;pre&gt;&lt;code class=&#34;language-bash&#34;&gt;http --form POST api.example.org/person/1 name=&#39;John Smith&#39;

POST /person/1 HTTP/1.1
Content-Type: application/x-www-form-urlencoded; charset=utf-8

name=John+Smith
&lt;/code&gt;&lt;/pre&gt;

&lt;h3 id=&#34;文件上传表单&#34;&gt;文件上传表单&lt;/h3&gt;

&lt;p&gt;如果有一个文件域，序列化方式和 content type 会是 &lt;code&gt;multipart/form-data&lt;/code&gt;：&lt;/p&gt;

&lt;pre&gt;&lt;code class=&#34;language-bash&#34;&gt;http -f POST example.com/jobs name=&#39;John Smith&#39; cv@~/Documents/cv.pdf
&lt;/code&gt;&lt;/pre&gt;

&lt;p&gt;上面的请求和下面的 HTML 表单发送请求是一样的：&lt;/p&gt;

&lt;pre&gt;&lt;code class=&#34;language-html&#34;&gt;&amp;lt;form enctype=&amp;quot;multipart/form-data&amp;quot; method=&amp;quot;post&amp;quot; action=&amp;quot;http://example.com/jobs&amp;quot;&amp;gt;
    &amp;lt;input type=&amp;quot;text&amp;quot; name=&amp;quot;name&amp;quot; /&amp;gt;
    &amp;lt;input type=&amp;quot;file&amp;quot; name=&amp;quot;cv&amp;quot; /&amp;gt;
&amp;lt;/form&amp;gt;
&lt;/code&gt;&lt;/pre&gt;

&lt;p&gt;注意 &lt;code&gt;@&lt;/code&gt; 用来模拟文件上传域，而 &lt;code&gt;=@&lt;/code&gt;
是把文件内容以文本的方式嵌入到数据域的值里面&lt;/p&gt;

&lt;h2 id=&#34;http-头&#34;&gt;HTTP 头&lt;/h2&gt;

&lt;p&gt;可以使用 &lt;code&gt;Header:Value&lt;/code&gt; 注解的形式来添加自定义头信息&lt;/p&gt;

&lt;pre&gt;&lt;code class=&#34;language-bash&#34;&gt;http example.org  User-Agent:Bacon/1.0  &#39;Cookie:valued-visitor=yes;foo=bar&#39;  \
    X-Foo:Bar  Referer:http://httpie.org/

GET / HTTP/1.1
Accept: */*
Accept-Encoding: gzip, deflate
Cookie: valued-visitor=yes;foo=bar
Host: example.org
Referer: http://httpie.org/
User-Agent: Bacon/1.0
X-Foo: Bar
&lt;/code&gt;&lt;/pre&gt;

&lt;h3 id=&#34;默认的请求头&#34;&gt;默认的请求头&lt;/h3&gt;

&lt;p&gt;有几个默认的请求头是 HTTPie 设置的&lt;/p&gt;

&lt;pre&gt;&lt;code class=&#34;language-http&#34;&gt;GET / HTTP/1.1
Accept: */*
Accept-Encoding: gzip, deflate
User-Agent: HTTPie/&amp;lt;version&amp;gt;
Host: &amp;lt;taken-from-URL&amp;gt;
&lt;/code&gt;&lt;/pre&gt;

&lt;h3 id=&#34;空头和重新设置默认头&#34;&gt;空头和重新设置默认头&lt;/h3&gt;

&lt;p&gt;可以使用 &lt;code&gt;Header:&lt;/code&gt; 来取消上面的几个默认头信息&lt;/p&gt;

&lt;pre&gt;&lt;code class=&#34;language-bash&#34;&gt;http httpbin.org/headers Accept: User-Agent:
&lt;/code&gt;&lt;/pre&gt;

&lt;p&gt;请求中的 &lt;code&gt;Accept&lt;/code&gt; 和 &lt;code&gt;User-Agent&lt;/code&gt; 头都会被移除&lt;/p&gt;

&lt;p&gt;使用 &lt;code&gt;Header;&lt;/code&gt; 表示添加一个为空的头信息，注意须使用引号&lt;/p&gt;

&lt;pre&gt;&lt;code class=&#34;language-bash&#34;&gt;http -v httpbin.org/headers &#39;Host;&#39;

GET /headers HTTP/1.1
Accept: */*
Accept-Encoding: gzip, deflate
Connection: keep-alive
Host:
User-Agent: HTTPie/0.9.9
...
&lt;/code&gt;&lt;/pre&gt;

&lt;h2 id=&#34;授权验证&#34;&gt;授权验证&lt;/h2&gt;

&lt;p&gt;目前支持的验证方案有基础和摘要两种（查看更多 &lt;a href=&#34;#授权插件&#34;&gt;授权插件&lt;/a&gt;），有两种标识
来控制验证：&lt;/p&gt;

&lt;table&gt;
&lt;thead&gt;
&lt;tr&gt;
&lt;th&gt;参数&lt;/th&gt;
&lt;th&gt;说明&lt;/th&gt;
&lt;/tr&gt;
&lt;/thead&gt;

&lt;tbody&gt;
&lt;tr&gt;
&lt;td&gt;&lt;code&gt;--auth, -a&lt;/code&gt;&lt;/td&gt;
&lt;td&gt;把 &lt;code&gt;用户名:密码&lt;/code&gt; 做为键值对参数传入，如果只指定用户名可以使用 &lt;code&gt;-a 用户名&lt;/code&gt;，密码在接下来的提示符中输入，空密码使用 &lt;code&gt;username:&lt;/code&gt;，&lt;code&gt;username:password@hostname&lt;/code&gt; 格式的 URL 语法也是支持的，证书通过 &lt;code&gt;-a&lt;/code&gt; 参数传入且具有更高的优先级&lt;/td&gt;
&lt;/tr&gt;

&lt;tr&gt;
&lt;td&gt;&lt;code&gt;--auth-type, -A&lt;/code&gt;&lt;/td&gt;
&lt;td&gt;指定指定身份验证机制。&lt;code&gt;basic&lt;/code&gt;(默认) 和 &lt;code&gt;digest&lt;/code&gt; 两种&lt;/td&gt;
&lt;/tr&gt;
&lt;/tbody&gt;
&lt;/table&gt;

&lt;h3 id=&#34;basic-授权&#34;&gt;Basic 授权&lt;/h3&gt;

&lt;pre&gt;&lt;code class=&#34;language-bash&#34;&gt;http -a username:password example.org
&lt;/code&gt;&lt;/pre&gt;

&lt;h3 id=&#34;digest-授权&#34;&gt;Digest 授权&lt;/h3&gt;

&lt;pre&gt;&lt;code class=&#34;language-bash&#34;&gt;http -A digest -a username:password example.org
&lt;/code&gt;&lt;/pre&gt;

&lt;h3 id=&#34;密码提示&#34;&gt;密码提示&lt;/h3&gt;

&lt;pre&gt;&lt;code class=&#34;language-bash&#34;&gt;http -a username example.org&amp;lt;Paste&amp;gt;
&lt;/code&gt;&lt;/pre&gt;

&lt;h3 id=&#34;netrc&#34;&gt;.netrc&lt;/h3&gt;

&lt;p&gt;从你的 &lt;code&gt;~/.netrc&lt;/code&gt; 文件授权也可以&lt;/p&gt;

&lt;pre&gt;&lt;code class=&#34;language-bash&#34;&gt;cat ~/.netrc
machine httpbin.org
login httpie
password test

http httpbin.org/basic-auth/httpie/test
HTTP/1.1 200 OK
[...]
&lt;/code&gt;&lt;/pre&gt;

&lt;h3 id=&#34;授权插件&#34;&gt;授权插件&lt;/h3&gt;

&lt;p&gt;授权机制可以使用安装插件的方式来实现，可以在 Python Package 上面找到更多相关插件&lt;/p&gt;

&lt;ul&gt;
&lt;li&gt;&lt;a href=&#34;https://github.com/pd/httpie-api-auth&#34;&gt;httpie-api-auth&lt;/a&gt;: ApiAuth&lt;/li&gt;
&lt;li&gt;&lt;a href=&#34;https://github.com/httpie/httpie-aws-auth&#34;&gt;httpie-aws-auth&lt;/a&gt;: AWS / Amazon S3&lt;/li&gt;
&lt;li&gt;&lt;a href=&#34;https://github.com/akamai-open/httpie-edgegrid&#34;&gt;httpie-edgegrid&lt;/a&gt;: EdgeGrid&lt;/li&gt;
&lt;li&gt;&lt;a href=&#34;https://github.com/guardian/httpie-hmac-auth&#34;&gt;httpie-hmac-auth&lt;/a&gt;: HMAC&lt;/li&gt;
&lt;li&gt;&lt;a href=&#34;https://github.com/teracyhq/httpie-jwt-auth&#34;&gt;httpie-jwt-auth&lt;/a&gt;: JWTAuth (JSON Web Tokens)&lt;/li&gt;
&lt;li&gt;&lt;a href=&#34;https://github.com/ndzou/httpie-negotiate&#34;&gt;httpie-negotiate&lt;/a&gt;: SPNEGO (GSS Negotiate)&lt;/li&gt;
&lt;li&gt;&lt;a href=&#34;https://github.com/httpie/httpie-ntlm&#34;&gt;httpie-ntlm&lt;/a&gt;: NTLM (NT LAN Manager)&lt;/li&gt;
&lt;li&gt;&lt;a href=&#34;https://github.com/httpie/httpie-oauth&#34;&gt;httpie-oauth&lt;/a&gt;: OAuth&lt;/li&gt;
&lt;li&gt;&lt;a href=&#34;https://github.com/mozilla-services/requests-hawk&#34;&gt;requests-hawk&lt;/a&gt;: Hawk&lt;/li&gt;
&lt;/ul&gt;

&lt;h2 id=&#34;http-重定向&#34;&gt;HTTP 重定向&lt;/h2&gt;

&lt;p&gt;HTTP 重定向默认不会自动跳转，请求发出后命令行只会显示 &lt;strong&gt;第一次&lt;/strong&gt; 收到的响应&lt;/p&gt;

&lt;pre&gt;&lt;code class=&#34;language-bash&#34;&gt;http httpbin.org/redirect/3
&lt;/code&gt;&lt;/pre&gt;

&lt;h3 id=&#34;按-header-头中的-location-字段值跳转&#34;&gt;按 header 头中的 location 字段值跳转&lt;/h3&gt;

&lt;p&gt;指定 &lt;code&gt;--follow, -F&lt;/code&gt; 参数让 HTTPie 自动跟随 &lt;code&gt;30x&lt;/code&gt; 响应头中的 &lt;code&gt;location&lt;/code&gt;
字段值进行跳转，并且显示最终的响应内容&lt;/p&gt;

&lt;pre&gt;&lt;code class=&#34;language-bash&#34;&gt;http --follow httpbin.org/redirect/3
&lt;/code&gt;&lt;/pre&gt;

&lt;h3 id=&#34;显示中间的跳转响应&#34;&gt;显示中间的跳转响应&lt;/h3&gt;

&lt;p&gt;如果你也想看到更多的跳转信息，可以指定 &lt;code&gt;--all&lt;/code&gt; 参数&lt;/p&gt;

&lt;pre&gt;&lt;code class=&#34;language-bash&#34;&gt;http --follow --all httpbin.org/redirect/3
&lt;/code&gt;&lt;/pre&gt;

&lt;h3 id=&#34;限制重定向最大次数&#34;&gt;限制重定向最大次数&lt;/h3&gt;

&lt;p&gt;改变默认最大 &lt;code&gt;30&lt;/code&gt; 次重定向值可以使用 &lt;code&gt;--max-redirects=&amp;lt;limit&amp;gt;&lt;/code&gt; 参数&lt;/p&gt;

&lt;pre&gt;&lt;code class=&#34;language-bash&#34;&gt;http --follow --all --max-redirects=5 httpbin.org/redirect/3
&lt;/code&gt;&lt;/pre&gt;

&lt;h2 id=&#34;代理&#34;&gt;代理&lt;/h2&gt;

&lt;p&gt;你可以通过添加参数 &lt;code&gt;--proxy&lt;/code&gt; 来指定各自协义（为了防止跨协义的重定向，协义被包含
在了参数值中）的代理服务器&lt;/p&gt;

&lt;pre&gt;&lt;code class=&#34;language-bash&#34;&gt;http --proxy=http:http://10.10.1.10:3128 --proxy=https:https://10.10.1.10:1080 example.org
&lt;/code&gt;&lt;/pre&gt;

&lt;p&gt;添加 basic 授权&lt;/p&gt;

&lt;pre&gt;&lt;code class=&#34;language-bash&#34;&gt;http --proxy=http:http://user:pass@10.10.1.10:3128 example.org
&lt;/code&gt;&lt;/pre&gt;

&lt;h3 id=&#34;环境变量&#34;&gt;环境变量&lt;/h3&gt;

&lt;p&gt;也可以通过设置 &lt;code&gt;HTTP_PROXY&lt;/code&gt; 和 &lt;code&gt;HTTPS_PROXY&lt;/code&gt; 环境变量来配置代理，底层的 request
库也将使用这些代理配置，如果你想指定某些 host 不使用代理，可以通过添加
&lt;code&gt;NO_PROXY&lt;/code&gt; 参数来实现&lt;/p&gt;

&lt;p&gt;在你的 &lt;code&gt;~/.bash_profile&lt;/code&gt; 文件中（zsh 则在 &lt;code&gt;~/.zshrc&lt;/code&gt; 中）&lt;/p&gt;

&lt;pre&gt;&lt;code class=&#34;language-bash&#34;&gt;export HTTP_PROXY=http://10.10.1.10:3128
export HTTPS_PROXY=https://10.10.1.10:1080
export NO_PROXY=localhost,example.com
&lt;/code&gt;&lt;/pre&gt;

&lt;h3 id=&#34;socks&#34;&gt;Socks&lt;/h3&gt;

&lt;p&gt;要启用 socks 代理支持请使用 pip 安装 &lt;code&gt;requests[socks]&lt;/code&gt; 库&lt;/p&gt;

&lt;pre&gt;&lt;code class=&#34;language-bash&#34;&gt;pip install -U requests[socks]
&lt;/code&gt;&lt;/pre&gt;

&lt;p&gt;用法与其它类型的代理相同：&lt;/p&gt;

&lt;pre&gt;&lt;code class=&#34;language-bash&#34;&gt;http --proxy=http:socks5://user:pass@host:port --proxy=https:socks5://user:pass@host:port example.org
&lt;/code&gt;&lt;/pre&gt;

&lt;h2 id=&#34;https&#34;&gt;HTTPS&lt;/h2&gt;

&lt;h3 id=&#34;服务器-ssl-证书验证&#34;&gt;服务器 SSL 证书验证&lt;/h3&gt;

&lt;p&gt;使用参数 &lt;code&gt;--verify=no&lt;/code&gt; 可以跳过主机 SSL 验证（默认：&lt;code&gt;yes&lt;/code&gt;）&lt;/p&gt;

&lt;pre&gt;&lt;code class=&#34;language-bash&#34;&gt;http --verify=no https://example.org
&lt;/code&gt;&lt;/pre&gt;

&lt;h3 id=&#34;自定义-ca-包&#34;&gt;自定义 CA 包&lt;/h3&gt;

&lt;p&gt;使用 &lt;code&gt;--verify=&amp;lt;CA_BUNDLE_PATH&amp;gt;&lt;/code&gt; 指定 CA 认证包路径&lt;/p&gt;

&lt;pre&gt;&lt;code class=&#34;language-bash&#34;&gt;http --cert=client.pem https://example.org
&lt;/code&gt;&lt;/pre&gt;

&lt;h3 id=&#34;客户端-ssl-证书&#34;&gt;客户端 SSL 证书&lt;/h3&gt;

&lt;p&gt;使用客户端 SSL 证书进行 SSL 通信，可以用 &lt;code&gt;--cert&lt;/code&gt; 参数指定证书文件路径&lt;/p&gt;

&lt;pre&gt;&lt;code class=&#34;language-bash&#34;&gt;http --cert=client.pem https://example.org
&lt;/code&gt;&lt;/pre&gt;

&lt;p&gt;如果证书中不包含私钥，可以通过 &lt;code&gt;--cert-key&lt;/code&gt; 参数指定密钥文件路径&lt;/p&gt;

&lt;pre&gt;&lt;code class=&#34;language-bash&#34;&gt;http --cert=client.crt --cert-key=client.key https://example.org
&lt;/code&gt;&lt;/pre&gt;

&lt;h3 id=&#34;ssl-版本&#34;&gt;SSL 版本&lt;/h3&gt;

&lt;p&gt;参数 &lt;code&gt;--ssl=&amp;lt;PROTOCOL&amp;gt;&lt;/code&gt; 用来指定你想使用的 SSL 协义版本，默认是 &lt;code&gt;SSL v2.3&lt;/code&gt;。这将
会协商服务端和你安装的 OpenSSL 支持的最高 SSL 协议版本。可用的版本有： &lt;code&gt;ssl2.3&lt;/code&gt;,
&lt;code&gt;ssl3&lt;/code&gt;, &lt;code&gt;tls1&lt;/code&gt;, &lt;code&gt;tls1.1&lt;/code&gt;, &lt;code&gt;tls1.2&lt;/code&gt; （实际上可用的协义可能有很多种，这由你安装
的 OpenSSL 决定）&lt;/p&gt;

&lt;pre&gt;&lt;code class=&#34;language-bash&#34;&gt;# 指定容易受到攻击的 SSL v3 协义与老服务器进行通信
http --ssl=ssl3 https://vulnerable.example.org
&lt;/code&gt;&lt;/pre&gt;

&lt;h3 id=&#34;服务器名称指示-sni-server-name-indication&#34;&gt;服务器名称指示 SNI(Server Name Indication)&lt;/h3&gt;

&lt;p&gt;如果你的 HTTPie 版本（可以使用 &lt;code&gt;http --debug&lt;/code&gt; 查看版本）小于 2.7.9，又需要使用
SNI 与服务器会话。那么你需要安装额外的依赖&lt;/p&gt;

&lt;pre&gt;&lt;code class=&#34;language-bash&#34;&gt;pip install --upgrade requests[security]
&lt;/code&gt;&lt;/pre&gt;

&lt;p&gt;使用下面的命令测试 SNI 支持&lt;/p&gt;

&lt;pre&gt;&lt;code class=&#34;language-bash&#34;&gt;http https://sni.velox.ch
&lt;/code&gt;&lt;/pre&gt;

&lt;h2 id=&#34;输出参数&#34;&gt;输出参数&lt;/h2&gt;

&lt;p&gt;HTTPie 默认只输出最终响应信息并且打印（header, body同样），你可以通过下面一些参
数控制打印内容：&lt;/p&gt;

&lt;table&gt;
&lt;thead&gt;
&lt;tr&gt;
&lt;th align=&#34;right&#34;&gt;命令行参数&lt;/th&gt;
&lt;th align=&#34;left&#34;&gt;描述&lt;/th&gt;
&lt;/tr&gt;
&lt;/thead&gt;

&lt;tbody&gt;
&lt;tr&gt;
&lt;td align=&#34;right&#34;&gt;&amp;ndash;headers, -h&lt;/td&gt;
&lt;td align=&#34;left&#34;&gt;仅打印响应头&lt;/td&gt;
&lt;/tr&gt;

&lt;tr&gt;
&lt;td align=&#34;right&#34;&gt;&amp;ndash;body, -b&lt;/td&gt;
&lt;td align=&#34;left&#34;&gt;仅打印响应体&lt;/td&gt;
&lt;/tr&gt;

&lt;tr&gt;
&lt;td align=&#34;right&#34;&gt;&amp;ndash;verbose, -v&lt;/td&gt;
&lt;td align=&#34;left&#34;&gt;打印所有的 HTTP 请求来回内容，这将默认开启 &lt;code&gt;--all&lt;/code&gt; 参数&lt;/td&gt;
&lt;/tr&gt;
&lt;/tbody&gt;
&lt;/table&gt;

&lt;p&gt;使用 &lt;code&gt;--verbose&lt;/code&gt; 参数来调试请求或生成文档时是非常有用的&lt;/p&gt;

&lt;pre&gt;&lt;code class=&#34;language-bash&#34;&gt;http --verbose PUT httpbin.org/put hello=world
&lt;/code&gt;&lt;/pre&gt;

&lt;pre&gt;&lt;code class=&#34;language-http&#34;&gt;PUT /put HTTP/1.1
Accept: application/json, */*
Accept-Encoding: gzip, deflate
Content-Type: application/json
Host: httpbin.org
User-Agent: HTTPie/0.2.7dev

{
    &amp;quot;hello&amp;quot;: &amp;quot;world&amp;quot;
}


HTTP/1.1 200 OK
Connection: keep-alive
Content-Length: 477
Content-Type: application/json
Date: Sun, 05 Aug 2012 00:25:23 GMT
Server: gunicorn/0.13.4

{
    […]
}
&lt;/code&gt;&lt;/pre&gt;

&lt;h3 id=&#34;哪部分的-http-请求内容应该打印出来&#34;&gt;哪部分的 HTTP 请求内容应该打印出来&lt;/h3&gt;

&lt;p&gt;所有的 HTTP 输出选项都属于更强大的 &lt;code&gt;--print, -p&lt;/code&gt; 参数的快捷方式。&lt;code&gt;--print, -p&lt;/code&gt;
接受一个字符串，字符串的每个字母都表示下面的 HTTP 某一部分&lt;/p&gt;

&lt;table&gt;
&lt;thead&gt;
&lt;tr&gt;
&lt;th align=&#34;right&#34;&gt;字符&lt;/th&gt;
&lt;th align=&#34;left&#34;&gt;代表&lt;/th&gt;
&lt;/tr&gt;
&lt;/thead&gt;

&lt;tbody&gt;
&lt;tr&gt;
&lt;td align=&#34;right&#34;&gt;&lt;code&gt;H&lt;/code&gt;&lt;/td&gt;
&lt;td align=&#34;left&#34;&gt;请求头&lt;/td&gt;
&lt;/tr&gt;

&lt;tr&gt;
&lt;td align=&#34;right&#34;&gt;&lt;code&gt;B&lt;/code&gt;&lt;/td&gt;
&lt;td align=&#34;left&#34;&gt;请求体&lt;/td&gt;
&lt;/tr&gt;

&lt;tr&gt;
&lt;td align=&#34;right&#34;&gt;&lt;code&gt;h&lt;/code&gt;&lt;/td&gt;
&lt;td align=&#34;left&#34;&gt;响应头&lt;/td&gt;
&lt;/tr&gt;

&lt;tr&gt;
&lt;td align=&#34;right&#34;&gt;&lt;code&gt;b&lt;/code&gt;&lt;/td&gt;
&lt;td align=&#34;left&#34;&gt;响应体&lt;/td&gt;
&lt;/tr&gt;
&lt;/tbody&gt;
&lt;/table&gt;

&lt;p&gt;打印请求头和响应头：&lt;/p&gt;

&lt;pre&gt;&lt;code class=&#34;language-bash&#34;&gt;http --print=Hh PUT httpbin.org/put hello=world
&lt;/code&gt;&lt;/pre&gt;

&lt;h3 id=&#34;查看中间的请求-响应&#34;&gt;查看中间的请求/响应&lt;/h3&gt;

&lt;p&gt;使用 &lt;code&gt;--all&lt;/code&gt; 参数可以查看 HTTP 通信中的所有信息，中间的 HTTP 通信包括跟随重定向
（使用参数&lt;code&gt;--follow&lt;/code&gt;）和使用 HTTP 摘要授权时第一次未授权的请求（使用参数
&lt;code&gt;--auth=diggest&lt;/code&gt;）&lt;/p&gt;

&lt;pre&gt;&lt;code class=&#34;language-bash&#34;&gt;# 包括最终响应之前的所有响应信息
http --all --follow httpbin.org/redirect/3
&lt;/code&gt;&lt;/pre&gt;

&lt;p&gt;中间请求/响应默认会使用 &lt;code&gt;--print, -p&lt;/code&gt; 参数指定的值格式化，可以使用
&lt;code&gt;--history-print, -P&lt;/code&gt; 指定， 参数和 &lt;code&gt;--print, -p&lt;/code&gt; 是一样的。但是这只实用于 &lt;strong&gt;中
间请求&lt;/strong&gt;&lt;/p&gt;

&lt;pre&gt;&lt;code class=&#34;language-bash&#34;&gt;# 中间请求/响应信息使用 H 格式化，最终请求/响应信息使用 Hh 格式化:
http -A digest -a foo:bar --all -p Hh -P H httpbin.org/digest-auth/auth/foo/bar
&lt;/code&gt;&lt;/pre&gt;

&lt;h3 id=&#34;条件化的-body-内容下载&#34;&gt;条件化的 body 内容下载&lt;/h3&gt;

&lt;p&gt;做为一个优化项，响应体在仅作为输出一部分时才会被下载，这和 &lt;code&gt;HEAD&lt;/code&gt; 类型的请求类似
（除了 HEAD 可以使用在任何 HTTP 请求中）&lt;/p&gt;

&lt;p&gt;比如有一个 API 更新后会返回整个资源，但是你只对更新后响应头中的状态码感兴趣：&lt;/p&gt;

&lt;pre&gt;&lt;code class=&#34;language-bash&#34;&gt;http --headers PATCH example.org/Really-Huge-Resource name=&#39;New Name&#39;
&lt;/code&gt;&lt;/pre&gt;

&lt;p&gt;由于我们在上面设置了只打印头信息，当响应头接收完成的时候服务器连接就会被关闭，
带宽和时间不会浪费在下载响应体，你可以不必在意。响应头总是会被下载的无论它是不是
输出部分&lt;/p&gt;

&lt;h2 id=&#34;重定向输入&#34;&gt;重定向输入&lt;/h2&gt;

&lt;p&gt;直接从 &lt;code&gt;stdin&lt;/code&gt; （标准输入）管道传入请求数据是大部分人认为比较好的方法。 这些数据
被缓冲而且不需要更多的操作就可以做为请求体被使用，使用管道有下面几个好用的方法：&lt;/p&gt;

&lt;p&gt;从一个文件重新定向&lt;/p&gt;

&lt;pre&gt;&lt;code class=&#34;language-bash&#34;&gt;http PUT example.com/person/1 X-API-Token:123 &amp;lt; person.json
&lt;/code&gt;&lt;/pre&gt;

&lt;p&gt;或者从其它程序的输出&lt;/p&gt;

&lt;pre&gt;&lt;code class=&#34;language-bash&#34;&gt;grep &#39;401 Unauthorized&#39; /var/log/httpd/error_log | http POST example.org/intruders
&lt;/code&gt;&lt;/pre&gt;

&lt;p&gt;当然也可以使用 &lt;code&gt;echo&lt;/code&gt; 命令来传简单数据&lt;/p&gt;

&lt;pre&gt;&lt;code class=&#34;language-bash&#34;&gt;echo &#39;{&amp;quot;name&amp;quot;: &amp;quot;John&amp;quot;}&#39; | http PATCH example.com/person/1 X-API-Token:123
&lt;/code&gt;&lt;/pre&gt;

&lt;p&gt;甚至可以使用 web services&lt;/p&gt;

&lt;pre&gt;&lt;code class=&#34;language-bash&#34;&gt;http GET https://api.github.com/repos/jkbrzt/httpie | http POST httpbin.org/post
&lt;/code&gt;&lt;/pre&gt;

&lt;p&gt;也可以使用 &lt;code&gt;cat&lt;/code&gt; 命令来输入多行文本&lt;/p&gt;

&lt;pre&gt;&lt;code class=&#34;language-bash&#34;&gt;cat | http POST example.com
&amp;lt;paste&amp;gt;
^D
&lt;/code&gt;&lt;/pre&gt;

&lt;pre&gt;&lt;code class=&#34;language-bash&#34;&gt;cat | http POST example.com/todos Content-Type:text/plain
- buy milk
- call parents
^D
&lt;/code&gt;&lt;/pre&gt;

&lt;p&gt;在 macOS 中可以使用 &lt;code&gt;pbpaste&lt;/code&gt; 命令把剪贴板中的内容做为数据发送&lt;/p&gt;

&lt;pre&gt;&lt;code class=&#34;language-bash&#34;&gt;pbpaste | http PUT example.com
&lt;/code&gt;&lt;/pre&gt;

&lt;p&gt;通过 &lt;code&gt;stdin&lt;/code&gt; 传递数据的方式 &lt;strong&gt;不能&lt;/strong&gt; 和指定数据域的方式混合使用&lt;/p&gt;

&lt;pre&gt;&lt;code class=&#34;language-bash&#34;&gt;echo &#39;data&#39; | http POST example.org more=data   # 不可以
&lt;/code&gt;&lt;/pre&gt;

&lt;h3 id=&#34;从一个文件中取请求数据&#34;&gt;从一个文件中取请求数据&lt;/h3&gt;

&lt;p&gt;指定文件路径（&lt;code&gt;@/path/to/file&lt;/code&gt;）方式可以替代上面使用 &lt;code&gt;stdin&lt;/code&gt; 的方式&lt;/p&gt;

&lt;p&gt;这个方法有个优点，&lt;code&gt;Content-Type&lt;/code&gt; 可以根据提供的文件扩展名自动设置成对应的。比如
下面的请求会被设置头 &lt;code&gt;Content-Type: application/xml&lt;/code&gt;&lt;/p&gt;

&lt;pre&gt;&lt;code class=&#34;language-bash&#34;&gt;http PUT httpbin.org/put @/data/file.xml
&lt;/code&gt;&lt;/pre&gt;

&lt;h2 id=&#34;命令行输出&#34;&gt;命令行输出&lt;/h2&gt;

&lt;p&gt;HTTPie 默认会做一些事情，目的是为了让命令行输出内容有更高的可读性&lt;/p&gt;

&lt;h3 id=&#34;颜色和格式化&#34;&gt;颜色和格式化&lt;/h3&gt;

&lt;p&gt;语法高亮会应用在 HTTP 请求的 headers 和 body 里面。如果你不喜欢默认的配色方案，
可以使用 &lt;code&gt;--style&lt;/code&gt; 参数自定义（使用&lt;code&gt;http --help&lt;/code&gt;命令查看更多选项）&lt;/p&gt;

&lt;p&gt;还有下面几个格式化规则会被使用：&lt;/p&gt;

&lt;ul&gt;
&lt;li&gt;HTTP 头会按名称排序&lt;/li&gt;
&lt;li&gt;JSON 数据会有缩进，并且按 key 名排序，unicode 序列会被转换成实际字符&lt;/li&gt;
&lt;/ul&gt;

&lt;p&gt;下面这些参数可以用在处理输出结果中：&lt;/p&gt;

&lt;table&gt;
&lt;thead&gt;
&lt;tr&gt;
&lt;th align=&#34;left&#34;&gt;命令行参数&lt;/th&gt;
&lt;th align=&#34;left&#34;&gt;描述&lt;/th&gt;
&lt;/tr&gt;
&lt;/thead&gt;

&lt;tbody&gt;
&lt;tr&gt;
&lt;td align=&#34;left&#34;&gt;&amp;ndash;pretty=all&lt;/td&gt;
&lt;td align=&#34;left&#34;&gt;应用颜色和格式化，默认&lt;/td&gt;
&lt;/tr&gt;

&lt;tr&gt;
&lt;td align=&#34;left&#34;&gt;&amp;ndash;pretty=colors&lt;/td&gt;
&lt;td align=&#34;left&#34;&gt;仅应用颜色&lt;/td&gt;
&lt;/tr&gt;

&lt;tr&gt;
&lt;td align=&#34;left&#34;&gt;&amp;ndash;pretty=format&lt;/td&gt;
&lt;td align=&#34;left&#34;&gt;仅应用格式化&lt;/td&gt;
&lt;/tr&gt;

&lt;tr&gt;
&lt;td align=&#34;left&#34;&gt;&amp;ndash;pretty=none&lt;/td&gt;
&lt;td align=&#34;left&#34;&gt;不使用颜色和格式化，重定向时默认使用&lt;/td&gt;
&lt;/tr&gt;
&lt;/tbody&gt;
&lt;/table&gt;

&lt;h3 id=&#34;二进制数据&#34;&gt;二进制数据&lt;/h3&gt;

&lt;p&gt;二进制数据在命令行中会被禁止，这会使处理响应返回的二进制数据变得更安全，重定向时
也禁止二进制数据，但是会被装饰输出。一旦当我们知道响应体是二进制数据时，连接会关
闭&lt;/p&gt;

&lt;pre&gt;&lt;code class=&#34;language-bash&#34;&gt;http example.org/Movie.mov
&lt;/code&gt;&lt;/pre&gt;

&lt;p&gt;你几乎可以立即看见下面的提示：&lt;/p&gt;

&lt;pre&gt;&lt;code class=&#34;language-bash&#34;&gt;HTTP/1.1 200 OK
Accept-Ranges: bytes
Content-Encoding: gzip
Content-Type: video/quicktime
Transfer-Encoding: chunked

+-----------------------------------------+
| NOTE: binary data not shown in terminal |
+-----------------------------------------+
&lt;/code&gt;&lt;/pre&gt;

&lt;h2 id=&#34;重定向输出&#34;&gt;重定向输出&lt;/h2&gt;

&lt;p&gt;与命令行输出相比，重定向输出使用了不同的默认值，不同之处在于：&lt;/p&gt;

&lt;ul&gt;
&lt;li&gt;格式化和种颜色默认不会使用（除非&lt;code&gt;--pretty&lt;/code&gt;被指定）&lt;/li&gt;
&lt;li&gt;只输出响应体（除非指定了输出参数）&lt;/li&gt;
&lt;li&gt;二进制结果不会被禁止&lt;/li&gt;
&lt;/ul&gt;

&lt;p&gt;原因是为了把 HTTPie 的结果直接 piping 到其它程序，并且使下载文件不需要额外的参数
标识。多数情况下输出重定向时只有响应体有意义&lt;/p&gt;

&lt;p&gt;下载一个文件：&lt;/p&gt;

&lt;pre&gt;&lt;code class=&#34;language-bash&#34;&gt;http example.org/Movie.mov &amp;gt; Movie.mov
&lt;/code&gt;&lt;/pre&gt;

&lt;p&gt;下载 Octocat 图片，使用 ImageMagick 修改大小，上传到其它地方：&lt;/p&gt;

&lt;pre&gt;&lt;code class=&#34;language-bash&#34;&gt;http octodex.github.com/images/original.jpg | convert - -resize 25% -  | http example.org/Octocats
&lt;/code&gt;&lt;/pre&gt;

&lt;p&gt;强制使用格式化与颜色，在 &lt;code&gt;less&lt;/code&gt; 的分页中显示请求和响应&lt;/p&gt;

&lt;pre&gt;&lt;code class=&#34;language-bash&#34;&gt;http --pretty=all --verbose example.org | less -R
&lt;/code&gt;&lt;/pre&gt;

&lt;p&gt;&lt;code&gt;-R&lt;/code&gt; 标识告诉 &lt;code&gt;less&lt;/code&gt; 命令解析 HTTPie 输出中的颜色序列&lt;/p&gt;

&lt;p&gt;你可以使用下面的 bash 函数代码建立一个调用 HTTPie
分页格式化且高亮输出的快捷方式：&lt;/p&gt;

&lt;pre&gt;&lt;code class=&#34;language-bash&#34;&gt;function httpless {
    # `httpless example.org&#39;
    http --pretty=all --print=hb &amp;quot;$@&amp;quot; | less -R;
}
&lt;/code&gt;&lt;/pre&gt;

&lt;h2 id=&#34;下载模式&#34;&gt;下载模式&lt;/h2&gt;

&lt;p&gt;HTTPie 具有下载模式，这和 &lt;code&gt;wget&lt;/code&gt; 命令类似&lt;/p&gt;

&lt;p&gt;使用 &lt;code&gt;--download, -d&lt;/code&gt; 标识启用，响应头会打印到命令行，下载响应体的进度条也会显示&lt;/p&gt;

&lt;pre&gt;&lt;code class=&#34;language-bash&#34;&gt;http --download https://github.com/jkbrzt/httpie/archive/master.tar.gz
&lt;/code&gt;&lt;/pre&gt;

&lt;pre&gt;&lt;code class=&#34;language-http&#34;&gt;HTTP/1.1 200 OK
Content-Disposition: attachment; filename=httpie-master.tar.gz
Content-Length: 257336
Content-Type: application/x-gzip

Downloading 251.30 kB to &amp;quot;httpie-master.tar.gz&amp;quot;
Done. 251.30 kB in 2.73862s (91.76 kB/s)
&lt;/code&gt;&lt;/pre&gt;

&lt;h3 id=&#34;下载文件的文件名&#34;&gt;下载文件的文件名&lt;/h3&gt;

&lt;p&gt;如果没有指定参数 &lt;code&gt;--output, -o&lt;/code&gt;，文件名将由 &lt;code&gt;Content-Disposition&lt;/code&gt; 决定，或者通过
URL 及其 &lt;code&gt;Content-Type&lt;/code&gt;，如果名字已占用，HTTPie 会添加唯一后缀&lt;/p&gt;

&lt;h3 id=&#34;下载的同时-piping&#34;&gt;下载的同时 piping&lt;/h3&gt;

&lt;p&gt;即使响应头和进度状态显示在命令行中，你仍然可以将响应重定向到其它的程序&lt;/p&gt;

&lt;pre&gt;&lt;code class=&#34;language-bash&#34;&gt;http -d https://github.com/jkbrzt/httpie/archive/master.tar.gz |  tar zxf -
&lt;/code&gt;&lt;/pre&gt;

&lt;h3 id=&#34;恢复下载&#34;&gt;恢复下载&lt;/h3&gt;

&lt;p&gt;如果指定 &lt;code&gt;--output, -o&lt;/code&gt;，你可以 &lt;code&gt;--continue, -c&lt;/code&gt;
恢复部分下载。不过仅当服务器支持 &lt;code&gt;Range&lt;/code&gt; 请求而且响应返回 &lt;code&gt;206 Partial Content&lt;/code&gt;
才可以，如果服务器不支持这个功能，那就只会下载整个文件&lt;/p&gt;

&lt;pre&gt;&lt;code class=&#34;language-bash&#34;&gt;http -dco file.zip example.org/file
&lt;/code&gt;&lt;/pre&gt;

&lt;h3 id=&#34;其它注意事项&#34;&gt;其它注意事项&lt;/h3&gt;

&lt;ul&gt;
&lt;li&gt;&lt;code&gt;--download&lt;/code&gt; 仅更改响应正文的处理方式&lt;/li&gt;
&lt;li&gt;仍然可以使用自定义 header 头、使用 session 会话，&lt;code&gt;--verbose, -v&lt;/code&gt; 等&lt;/li&gt;
&lt;li&gt;&lt;code&gt;--download&lt;/code&gt; 意味着启用 &lt;code&gt;--follow&lt;/code&gt;&lt;/li&gt;
&lt;li&gt;如果文件没有被完全下载完，HTTPie 将会返回错误状态码 &lt;code&gt;1&lt;/code&gt; 并退出&lt;/li&gt;
&lt;li&gt;&lt;code&gt;Accept-Encoding&lt;/code&gt; 不能和 &lt;code&gt;--download&lt;/code&gt; 一起使用&lt;/li&gt;
&lt;/ul&gt;

&lt;h2 id=&#34;流式响应&#34;&gt;流式响应&lt;/h2&gt;

&lt;p&gt;响应体会被以块的形式下载和打印，这使程序在不使用大量内存情况下进行流式传输和下载
，然而如果使用颜色和格式化参数，&lt;strong&gt;整个&lt;/strong&gt; 响应体会被缓冲，然后立即处理&lt;/p&gt;

&lt;h3 id=&#34;禁用缓冲&#34;&gt;禁用缓冲&lt;/h3&gt;

&lt;p&gt;可以使用 &lt;code&gt;--stream, -S&lt;/code&gt; 进行下面的操作：&lt;/p&gt;

&lt;ul&gt;
&lt;li&gt;输出内容以更小的块更新，不需要任何缓冲，这使得 HTTPie 表现的像 &lt;code&gt;tail -f&lt;/code&gt; 命令
一样&lt;/li&gt;
&lt;li&gt;即使输出被美化，流也会启用：它将应用于响应的每一行并立即更新。这样就可以为持续
时间长的请求提供一个漂亮的输出，例如一个 Twitter 的流 API&lt;/li&gt;
&lt;/ul&gt;

&lt;h3 id=&#34;示例&#34;&gt;示例&lt;/h3&gt;

&lt;p&gt;修饰过的流响应&lt;/p&gt;

&lt;pre&gt;&lt;code class=&#34;language-bash&#34;&gt;http --stream -f -a YOUR-TWITTER-NAME https://stream.twitter.com/1/statuses/filter.json track=&#39;Justin Bieber&#39;
&lt;/code&gt;&lt;/pre&gt;

&lt;p&gt;像 &lt;code&gt;tail -f&lt;/code&gt; 一样小块的流输出&lt;/p&gt;

&lt;pre&gt;&lt;code class=&#34;language-bash&#34;&gt;http --stream -f -a YOUR-TWITTER-NAME https://stream.twitter.com/1/statuses/filter.json track=Apple \
| while read tweet; do echo &amp;quot;$tweet&amp;quot; | http POST example.org/tweets ; done
&lt;/code&gt;&lt;/pre&gt;

&lt;h2 id=&#34;会话&#34;&gt;会话&lt;/h2&gt;

&lt;p&gt;默认情况下，同一个 host 每个 HTTPie 发出的请求完全独立&lt;/p&gt;

&lt;p&gt;然而，HTTPie 支持使用 &lt;code&gt;--session=SESSION_NAME_OR_PATH&lt;/code&gt; 参数进行持久会话。在同一
个 host 的会话中，自定义 header(除了以&lt;code&gt;Content-&lt;/code&gt; 和 &lt;code&gt;If-&lt;/code&gt; 开头)、authorization、
cookies(手动指定或者服务器发送) 会持续保存&lt;/p&gt;

&lt;pre&gt;&lt;code class=&#34;language-bash&#34;&gt;# 创建一个新会话
http --session=/tmp/session.json example.org API-Token:123

# 复制用已存在的会话 API-Token 会自动设置
http --session=/tmp/session.json example.org
&lt;/code&gt;&lt;/pre&gt;

&lt;p&gt;所有的会话数据都会被存储成纯文本，这表示会话文件可以使用编辑器手动添加或者修改——
其实就是 JSON 数据&lt;/p&gt;

&lt;h3 id=&#34;具名会话&#34;&gt;具名会话&lt;/h3&gt;

&lt;p&gt;每个 host 都可以建一个或者多个会话，比如：下面的命令将为 host 是 &lt;code&gt;example.org&lt;/code&gt;
的请求建一个名为 &lt;code&gt;name1&lt;/code&gt; 的会话：&lt;/p&gt;

&lt;pre&gt;&lt;code class=&#34;language-bash&#34;&gt;http --session=user1 -a user1:password example.org X-Foo:Bar
&lt;/code&gt;&lt;/pre&gt;

&lt;p&gt;从现在起，你就通过名字来选择会话，当你选择使用一个会话时，之前用过的授权、HTTP
头都会被自动添加：&lt;/p&gt;

&lt;pre&gt;&lt;code class=&#34;language-bash&#34;&gt;http --session=user1 example.org
&lt;/code&gt;&lt;/pre&gt;

&lt;p&gt;创建或者重用不同的会话，只需要指定不同的名字即可：&lt;/p&gt;

&lt;pre&gt;&lt;code class=&#34;language-bash&#34;&gt;http --session=user2 -a user2:password example.org X-Bar:Foo
&lt;/code&gt;&lt;/pre&gt;

&lt;p&gt;具名会话将被以 JSON 的数据格式存储在 &lt;code&gt;~/.httpie/sessions/&amp;lt;host&amp;gt;/&amp;lt;name&amp;gt;.json&lt;/code&gt;
下面（windows下则是 &lt;code&gt;%APPDATA%\httpie\sessions\&amp;lt;host&amp;gt;\&amp;lt;name&amp;gt;.json&lt;/code&gt;）&lt;/p&gt;

&lt;h3 id=&#34;匿名会话&#34;&gt;匿名会话&lt;/h3&gt;

&lt;p&gt;不同与具名会话，你也可以直接使用一个文件路径来指定会话文件的存储地址，这也可以在
不同的 host 间复用会话：&lt;/p&gt;

&lt;pre&gt;&lt;code class=&#34;language-bash&#34;&gt;http --session=/tmp/session.json example.org
http --session=/tmp/session.json admin.example.org
http --session=~/.httpie/sessions/another.example.org/test.json example.org
http --session-read-only=/tmp/session.json example.org
&lt;/code&gt;&lt;/pre&gt;

&lt;h3 id=&#34;只读会话&#34;&gt;只读会话&lt;/h3&gt;

&lt;p&gt;如果复用一个会话又不想更新会话信息，可以通过指定
&lt;code&gt;--session-read-only=SESSION_NAME_OR_PATH&lt;/code&gt; 来实现&lt;/p&gt;

&lt;h2 id=&#34;配置&#34;&gt;配置&lt;/h2&gt;

&lt;p&gt;HTTPie 使用了一个简单的 JSON 配置文件&lt;/p&gt;

&lt;h3 id=&#34;配置文件路径&#34;&gt;配置文件路径&lt;/h3&gt;

&lt;p&gt;默认的配置文件路径在 &lt;code&gt;~/.httpie/config.json&lt;/code&gt; （window 在
&lt;code&gt;%APPDATA%\httpie\config.json&lt;/code&gt;），配置文件的路径也可以通过修改环境变量
&lt;code&gt;HTTPIE_CONFIG_DIR&lt;/code&gt; 来更改，可以使用 &lt;code&gt;http --debug&lt;/code&gt; 命令查看当前配置文件路径&lt;/p&gt;

&lt;h3 id=&#34;可配置的参数&#34;&gt;可配置的参数&lt;/h3&gt;

&lt;p&gt;JSON 配置文件包含以下的键：&lt;/p&gt;

&lt;p&gt;&lt;code&gt;default_options&lt;/code&gt;&lt;/p&gt;

&lt;p&gt;参数默认值数组（默认为空），数组里面的参数会被应用于每次 HTTPie 的调用&lt;/p&gt;

&lt;p&gt;比如说，你可以使用这个选项改变默认的样式和输出参数：&lt;code&gt;&amp;quot;default_options&amp;quot;:
[&amp;quot;--style=fruity&amp;quot;, &amp;quot;--body&amp;quot;]&lt;/code&gt; ，另外一个常用的默认参数是 &lt;code&gt;&amp;quot;--session=default&amp;quot;&lt;/code&gt;，
这会让 HTTPie 总是使用会话（名称为default）。也可以使用 &lt;code&gt;--form&lt;/code&gt; 改变默认 &lt;strong&gt;不严
格的&lt;/strong&gt; JSON 类型为 form 类型&lt;/p&gt;

&lt;p&gt;&lt;code&gt;__meta__&lt;/code&gt;&lt;/p&gt;

&lt;p&gt;HTTPie 自动存储了一些它自己的元数据，不要动它&lt;/p&gt;

&lt;h3 id=&#34;取消之前指定的参数&#34;&gt;取消之前指定的参数&lt;/h3&gt;

&lt;p&gt;配置文件中的参数和其它任何指定参数的方法，都可以使用 &lt;code&gt;--no-OPTION&lt;/code&gt; 参数来取消，
比如：&lt;code&gt;--no-style&lt;/code&gt; 或者 &lt;code&gt;--no-session&lt;/code&gt;&lt;/p&gt;

&lt;h2 id=&#34;脚本&#34;&gt;脚本&lt;/h2&gt;

&lt;p&gt;当你在 shell 脚本中使用 HTTPie 的时候，&lt;code&gt;--check-status&lt;/code&gt; 标识会比较好用。这个标识
将告知 HTTPie 如果响应状态码是 &lt;code&gt;3xx&lt;/code&gt;, &lt;code&gt;4xx&lt;/code&gt;, &lt;code&gt;5xx&lt;/code&gt; 时程序将退出并显示对应的错误
码 &lt;code&gt;3&lt;/code&gt;（除非 &lt;code&gt;--follow&lt;/code&gt; 参数被指定）, &lt;code&gt;4&lt;/code&gt;, &lt;code&gt;5&lt;/code&gt;&lt;/p&gt;

&lt;pre&gt;&lt;code class=&#34;language-bash&#34;&gt;#!/bin/bash

if http --check-status --ignore-stdin --timeout=2.5 HEAD example.org/health &amp;amp;&amp;gt; /dev/null; then
    echo &#39;OK!&#39;
else
    case $? in
        2) echo &#39;Request timed out!&#39; ;;
        3) echo &#39;Unexpected HTTP 3xx Redirection!&#39; ;;
        4) echo &#39;HTTP 4xx Client Error!&#39; ;;
        5) echo &#39;HTTP 5xx Server Error!&#39; ;;
        6) echo &#39;Exceeded --max-redirects=&amp;lt;n&amp;gt; redirects!&#39; ;;
        *) echo &#39;Other Error!&#39; ;;
    esac
fi
&lt;/code&gt;&lt;/pre&gt;

&lt;h2 id=&#34;最佳实践&#34;&gt;最佳实践&lt;/h2&gt;

&lt;p&gt;在非交互式调用的情况下通常不希望使用 &lt;code&gt;stdin&lt;/code&gt; 的默认行为，可以使用
&lt;code&gt;--ignore-stdin&lt;/code&gt; 参数来禁止它&lt;/p&gt;

&lt;p&gt;如果没有这个选项，HTTPie 可能会挂起，这是一个常见的问题。发生的场景可能是——例如
从定时任务中调用HTTPie时，&lt;code&gt;stdin&lt;/code&gt; 未连接到终端。因此，重定向输入的规则适用，即
HTTPie 开始读取它，希望请求体将被传递。由于没有数据也没有 EOF，它会被卡住。因此
，除非你将一些数据传递给 HTTPie，否则应在脚本中使用此标志&lt;/p&gt;

&lt;p&gt;当然使用 &lt;code&gt;--timeout&lt;/code&gt; 参数手动设置（默认 30 秒）延迟时间是个比较好的做法&lt;/p&gt;

&lt;h2 id=&#34;元信息&#34;&gt;元信息&lt;/h2&gt;

&lt;h3 id=&#34;接口设计&#34;&gt;接口设计&lt;/h3&gt;

&lt;p&gt;命令行参数的设计与通过网络发送 HTTP 请求的过程密切相关。这使得 HTTPie 的命令更容
易记忆和阅读。有时你甚至可以把原生的 HTTP 请求串连到一行就很自然的形成了 HTTPie
的命令行参数。例如 对比下面这个原生 HTTP 请求：&lt;/p&gt;

&lt;pre&gt;&lt;code class=&#34;language-bash&#34;&gt;POST /collection HTTP/1.1
X-API-Key: 123
User-Agent: Bacon/1.0
Content-Type: application/x-www-form-urlencoded

name=value&amp;amp;name2=value2
&lt;/code&gt;&lt;/pre&gt;

&lt;p&gt;和使用 HTTPie 命令发送同样的参数：&lt;/p&gt;

&lt;pre&gt;&lt;code class=&#34;language-bash&#34;&gt;http -f POST example.org/collection \
  X-API-Key:123 \
  User-Agent:Bacon/1.0 \
  name=value \
  name2=value2
&lt;/code&gt;&lt;/pre&gt;

&lt;p&gt;注意他们两者的顺序和参数都非常相似，并且只有一小部分命令用于控制 HTTPie（&lt;code&gt;-f&lt;/code&gt; 表
示让 HTTPie 发送一个 from 请求），并且不直接对应于请求的任何部分&lt;/p&gt;

&lt;p&gt;两种模式：&lt;code&gt;--pretty=all&lt;/code&gt;（命令行中默认）、&lt;code&gt;--pretty=none&lt;/code&gt;（重定向输出时默认），
对交互式使用和脚本调用都比较友好，HTTPie 在这过程中作为通用的 HTTP 客户端&lt;/p&gt;

&lt;p&gt;由于 HTTPie 还在频繁的开发中，现有的一些命令行参数在最终版 &lt;code&gt;1.0&lt;/code&gt; 发布之前可能会
有一些微小的调整。这些调整都会在&lt;a href=&#34;#变更日志&#34;&gt;变更日志&lt;/a&gt; 里面记录&lt;/p&gt;

&lt;h3 id=&#34;用户支持&#34;&gt;用户支持&lt;/h3&gt;

&lt;p&gt;你可以通过下面的一些途径找到帮助支持&lt;/p&gt;

&lt;ul&gt;
&lt;li&gt;&lt;a href=&#34;https://github.com/jkbr/httpie/issues&#34;&gt;GitHub issues&lt;/a&gt;&lt;/li&gt;
&lt;li&gt;&lt;a href=&#34;https://gitter.im/jkbrzt/httpie&#34;&gt;Our Gitter chat room&lt;/a&gt;&lt;/li&gt;
&lt;li&gt;&lt;a href=&#34;https://stackoverflow.com/&#34;&gt;StackOverflow&lt;/a&gt;&lt;/li&gt;
&lt;li&gt;Twitter &lt;a href=&#34;https://twitter.com/clihttp&#34;&gt;@clihttp&lt;/a&gt;，也可以直接 &lt;a href=&#34;https://twitter.com/jkbrzt&#34;&gt;@jkbrzt&lt;/a&gt;&lt;/li&gt;
&lt;/ul&gt;

&lt;h3 id=&#34;相关项目&#34;&gt;相关项目&lt;/h3&gt;

&lt;h4 id=&#34;依赖&#34;&gt;依赖&lt;/h4&gt;

&lt;p&gt;HTTPie 底层使用了两个特别棒的库：&lt;/p&gt;

&lt;p&gt;&lt;a href=&#34;http://python-requests.org/&#34;&gt;Requests&lt;/a&gt; — Python HTTP 库
&lt;a href=&#34;http://pygments.org/&#34;&gt;Pygments&lt;/a&gt; — Python 代码高亮&lt;/p&gt;

&lt;h4 id=&#34;httpie-的朋友&#34;&gt;HTTPie 的朋友&lt;/h4&gt;

&lt;p&gt;HTTPie 可以和下面两个好友愉快地玩耍：&lt;/p&gt;

&lt;p&gt;&lt;a href=&#34;https://stedolan.github.io/jq/&#34;&gt;jq&lt;/a&gt;
&lt;a href=&#34;https://github.com/eliangcs/http-prompt&#34;&gt;http-prompt&lt;/a&gt;&lt;/p&gt;

&lt;h3 id=&#34;贡献&#34;&gt;贡献&lt;/h3&gt;

&lt;p&gt;&lt;a href=&#34;https://github.com/jakubroztocil/httpie/blob/master/CONTRIBUTING.rst&#34;&gt;CONTRIBUTING.rst&lt;/a&gt;&lt;/p&gt;

&lt;h3 id=&#34;变更日志&#34;&gt;变更日志&lt;/h3&gt;

&lt;p&gt;&lt;a href=&#34;https://github.com/jkbrzt/httpie/blob/master/CHANGELOG.rst&#34;&gt;CHANGELOG&lt;/a&gt;&lt;/p&gt;

&lt;h3 id=&#34;插图&#34;&gt;插图&lt;/h3&gt;

&lt;p&gt;&lt;a href=&#34;https://github.com/claudiatd/httpie-artwork&#34;&gt;claudiatd/httpie-artwork&lt;/a&gt;&lt;/p&gt;

&lt;h3 id=&#34;许可证&#34;&gt;许可证&lt;/h3&gt;

&lt;p&gt;BSD-3-Clause: &lt;a href=&#34;https://github.com/jkbrzt/httpie/blob/master/LICENSE&#34;&gt;LICENSE&lt;/a&gt;&lt;/p&gt;

&lt;h3 id=&#34;作者&#34;&gt;作者&lt;/h3&gt;

&lt;p&gt;&lt;a href=&#34;http://roztocil.co/&#34;&gt;Jakub Roztocil&lt;/a&gt; (&lt;a href=&#34;https://twitter.com/jkbrzt&#34;&gt;@jkbrzt&lt;/a&gt;)
创造了 HTTPie，还有一些 &lt;a href=&#34;https://github.com/jkbrzt/httpie/contributors&#34;&gt;优秀的人&lt;/a&gt; 也贡献力量&lt;/p&gt;
</description>
    </item>
    
  </channel>
</rss>