<rss version="2.0" xmlns:atom="http://www.w3.org/2005/Atom">
  <channel>
    <title>jQuery on 臨池不輟</title>
    <link>https://keelii.com/tags/jQuery/</link>
    <description>Recent content in jQuery on 臨池不輟</description>
    <generator>Hugo -- gohugo.io</generator>
    <language>zh-CN</language>
    <lastBuildDate>Fri, 25 May 2018 19:20:04 -0700</lastBuildDate>
    
        <atom:link href="https://keelii.com/tags/jQuery/atom.xml" rel="self" type="application/rss+xml" />
    
    
    <item>
      <title>jQuery ajax 方法 data 参数默认 encode 失败的 bug</title>
      <link>https://keelii.com/2018/05/25/jquery-ajax-data-param-auto-encode-bug/</link>
      <pubDate>Fri, 25 May 2018 19:20:04 -0700</pubDate>
      
      <guid>https://keelii.com/2018/05/25/jquery-ajax-data-param-auto-encode-bug/</guid>
      <description>&lt;p&gt;使用 jQuery ajax 方法调用异步接口时 data 参数默认会被添加转码 &lt;code&gt;encodeURIComponent&lt;/code&gt;，如下：&lt;/p&gt;

&lt;pre&gt;&lt;code class=&#34;language-javascript&#34;&gt;$.ajax({
    url: &#39;http://your.domain.com/action&#39;,
    dataType: &#39;jsonp&#39;,
    data: {
        spaces: &#39;a b&#39;,
        other: &#39;&amp;amp;&#39;
    }
})
&lt;/code&gt;&lt;/pre&gt;

&lt;p&gt;上面的代码会向 &lt;code&gt;http://your.domain.com/action?spaces=a+b&amp;amp;other=%26&lt;/code&gt; 发送 get 请求，奇怪的是参数中的 &lt;code&gt;&amp;amp;&lt;/code&gt; 被正确转码成 &lt;code&gt;%26&lt;/code&gt;，但是  被转成了 &lt;code&gt;+&lt;/code&gt; 而不是 &lt;code&gt;%20&lt;/code&gt;&lt;/p&gt;

&lt;p&gt;看看正确的转码结果长啥样&lt;/p&gt;

&lt;pre&gt;&lt;code class=&#34;language-javascript&#34;&gt;encodeURIComponent(&#39;&amp;amp;&#39;) // =&amp;gt; &amp;quot;%26&amp;quot;
encodeURIComponent(&#39; &#39;) // =&amp;gt; &amp;quot;%20&amp;quot;
&lt;/code&gt;&lt;/pre&gt;

&lt;p&gt;既然 data 参数里面的 key,value 都要被 encodeURIComponent，那么出现这种情况只能去查 jQuery 源代码了。jQuery 会调用 $.param 方法来编码 data 参数，大概在 &lt;strong&gt;jQuery-1.7.2&lt;/strong&gt; 的 &lt;em&gt;(7736)&lt;/em&gt; 行：&lt;/p&gt;

&lt;pre&gt;&lt;code class=&#34;language-javascript&#34;&gt;param: function( a, traditional ) {
    // ...
    } else {
        // If traditional, encode the &amp;quot;old&amp;quot; way (the way 1.3.2 or older
        // did it), otherwise encode params recursively.
        for ( var prefix in a ) {
            buildParams( prefix, a[ prefix ], traditional, add );
        }
    }

    // Return the resulting serialization
    return s.join( &amp;quot;&amp;amp;&amp;quot; ).replace( r20, &amp;quot;+&amp;quot; );
}
&lt;/code&gt;&lt;/pre&gt;

&lt;p&gt;param 方法内部会再调用 &lt;code&gt;buildParams&lt;/code&gt; 来把 data 对象键值对添加编码，一切都很正常&lt;/p&gt;

&lt;p&gt;然饿最后一行 &lt;code&gt;replace( r20, &amp;quot;+&amp;quot; )&lt;/code&gt; 是什么鬼！&lt;code&gt;r20&lt;/code&gt; 变量是内部的一个空白转义符的正则 &lt;code&gt;/%20/g&lt;/code&gt;&lt;/p&gt;

&lt;p&gt;这就有点意思了，为啥把正确的空格编码再转回 &lt;code&gt;+&lt;/code&gt; 呢？&lt;/p&gt;

&lt;p&gt;外事不决问 Google，搜索 &lt;code&gt;why jquery ajax convert %20 to +&lt;/code&gt; 结果发现有一条 jQuery 官方的 github issue: &lt;a href=&#34;https://github.com/jquery/jquery/issues/2658&#34;&gt;Only change %20 to + for application/x-www-form-urlencoded&lt;/a&gt;&lt;/p&gt;

&lt;p&gt;&lt;img src=&#34;//img11.360buyimg.com/devfe/jfs/t20344/242/259059096/183424/9e8e0f30/5b078bbdN06c75a01.png&#34; alt=&#34;google-why-jquery-convert-space-to-plus&#34; /&gt;&lt;/p&gt;

&lt;p&gt;根据 issue 的描述大意是说 &lt;code&gt;convert %20 to +&lt;/code&gt; 这个逻辑只应该在 POST 请求的时候做转换，而不是所有请求。我们的示例中的 jsonp 刚好是 get 请求&lt;/p&gt;

&lt;p&gt;继续往下看找到了一个 &lt;a href=&#34;https://github.com/dmethvin/jquery/commit/60453ce299a0c84550e70010ceea12d538226bf5&#34;&gt;commit(60453ce)&lt;/a&gt; 修复了这个问题&lt;/p&gt;

&lt;p&gt;&lt;img src=&#34;//img14.360buyimg.com/devfe/jfs/t20692/166/263146843/79735/7f45adb2/5b078b49N8f97629d.png&#34; alt=&#34;jquery-param-encode-bug&#34; /&gt;&lt;/p&gt;

&lt;p&gt;注意一点，我们并不能简单的在 data 对象传入的时候手动添加 &lt;code&gt;encodeURIComponent&lt;/code&gt;：&lt;/p&gt;

&lt;pre&gt;&lt;code class=&#34;language-javascript&#34;&gt;$.ajax({
    url: &#39;http://your.domain.com/action&#39;,
    dataType: &#39;jsonp&#39;,
    data: {
        // 错误的做法
        spaces: encodeURIComponent(&#39;a b&#39;),
        other: &#39;&amp;amp;&#39;
    }
})
&lt;/code&gt;&lt;/pre&gt;

&lt;p&gt;如果 spaces 参数有别的应该被正常编码的字符串，这样会导致正常的被编码的字符被 &lt;strong&gt;两次&lt;/strong&gt; encodeURIComponent。所以要正确解决这个问题需要修改 jQuery 源代码，这个可以参考上面的那个 fix commit&lt;/p&gt;
</description>
    </item>
    
    <item>
      <title>jQuery data 方法的一个小特技</title>
      <link>https://keelii.com/2017/05/03/a-trick-from-jquery-data-method/</link>
      <pubDate>Wed, 03 May 2017 17:59:45 +0800</pubDate>
      
      <guid>https://keelii.com/2017/05/03/a-trick-from-jquery-data-method/</guid>
      <description>&lt;p&gt;通常我们在用 JavaScript 操作 DOM 元素的时候会往 DOM 上临时添加一些参数，用来记住一些状态，或者从后端取参数值等&lt;/p&gt;

&lt;p&gt;一般通过在 HTML 标签上添加自定义属性来实现，但是这样会不可避免的访问 DOM，性能上并不好。如果你使用 jQuery 的话建议使用 &lt;code&gt;$el.data()&lt;/code&gt; 方法来取元素上 &lt;code&gt;data-*&lt;/code&gt; 的值，比如：&lt;/p&gt;

&lt;pre&gt;&lt;code class=&#34;language-html&#34;&gt;&amp;lt;div id=&amp;quot;demo&amp;quot; data-key=&amp;quot;value&amp;quot;&amp;gt;&amp;lt;/div&amp;gt;
&amp;lt;script&amp;gt;
    $(&#39;#demo&#39;).attr(&#39;data-key&#39;)
    $(&#39;#demo&#39;).data(&#39;key&#39;)  // 第一次访问 DOM，以后从缓存取
&amp;lt;/script&amp;gt;
&lt;/code&gt;&lt;/pre&gt;

&lt;p&gt;这两个方法的区别在于 attr 每次都会直接访问 DOM 元素，而 data 方法会缓存第一次的查找，后续调用不需要访问 DOM&lt;/p&gt;

&lt;p&gt;很明显建议使用后者，但是在 &lt;strong&gt;低版本的 jQuery&lt;/strong&gt; 中默认会对 data 方法取到的值进行粗暴的强制数据类型转换「parseFloat」。看下面代码&lt;/p&gt;

&lt;pre&gt;&lt;code class=&#34;language-html&#34;&gt;&amp;lt;div id=&amp;quot;demo0&amp;quot; data-key=&amp;quot;abc&amp;quot;&amp;gt;字符串&amp;lt;/div&amp;gt;
&amp;lt;div id=&amp;quot;demo1&amp;quot; data-key=&amp;quot;123&amp;quot;&amp;gt;数字&amp;lt;/div&amp;gt;
&amp;lt;div id=&amp;quot;demo2&amp;quot; data-key=&amp;quot;123e456&amp;quot;&amp;gt;科学计数法&amp;lt;/div&amp;gt;
&amp;lt;div id=&amp;quot;demo3&amp;quot; data-key=&amp;quot;0000123&amp;quot;&amp;gt;八进制数字&amp;lt;/div&amp;gt;
&amp;lt;script src=&amp;quot;jquery-1.6.4&amp;quot;&amp;gt;&amp;lt;/script&amp;gt;
&amp;lt;script&amp;gt;
    $(&#39;#demo0&#39;).data(&#39;key&#39;)  // &amp;quot;abc&amp;quot;
    $(&#39;#demo1&#39;).data(&#39;key&#39;)  // 123
    $(&#39;#demo2&#39;).data(&#39;key&#39;)  // Infinity
    $(&#39;#demo3&#39;).data(&#39;key&#39;)  // 83
&amp;lt;/script&amp;gt;
&lt;/code&gt;&lt;/pre&gt;

&lt;p&gt;后面两种显然出错了，就是因为 jQuery 对属性值进行了强制 parseFloat 操作。这种转换是方便了使用者，如果是数字的话我们取到这个值进行计算什么的就不用再转数据类型了，但是一不小心就会出 bug&lt;/p&gt;

&lt;p&gt;发现这个 bug 的时候第一感觉是 jQuery 不应该没考虑到这一点呀。后来果断去查了下最新版的 jQuery 源代码，发现已经修复了。核心代码在 &lt;a href=&#34;https://github.com/jquery/jquery/blob/master/src/data.js#L36&#34;&gt;data.js 35 行&lt;/a&gt;，如下&lt;/p&gt;

&lt;pre&gt;&lt;code class=&#34;language-javascript&#34;&gt;function getData( data ) {
    if ( data === &amp;quot;true&amp;quot; ) {
        return true;
    }

    if ( data === &amp;quot;false&amp;quot; ) {
        return false;
    }

    if ( data === &amp;quot;null&amp;quot; ) {
        return null;
    }

    // Only convert to a number if it doesn&#39;t change the string
    // 重点就在这里 →_→
    if ( data === +data + &amp;quot;&amp;quot; ) {
        return +data;
    }

    if ( rbrace.test( data ) ) {
        return JSON.parse( data );
    }

    return data;
}
&lt;/code&gt;&lt;/pre&gt;

&lt;p&gt;getData 方法就返回了节点属性的值，只不过加了一些特殊处理使得我们取到了没有 bug 的值，关键地方就在这里： &lt;code&gt;data === +data + &amp;quot;&amp;quot;&lt;/code&gt; 。这行代码做了些什么神奇的事情&lt;/p&gt;

&lt;p&gt;&lt;strong&gt;将节点的属性值强制转换成数字「+data」后再转成字符串「+ &amp;ldquo;&amp;ldquo;」，如果转换后的值与原来相等就取转换后的值&lt;/strong&gt;&lt;/p&gt;

&lt;p&gt;可以简单的这么理解：jQuery 会尝试转换数据类型，如果转换后和转换前的 &lt;strong&gt;长得一样&lt;/strong&gt; 那么 jQuery 就认为它是需要被转换成数字的。这样就可以完美规避上面例子中的两种问题，我们来测试一下&lt;/p&gt;

&lt;pre&gt;&lt;code class=&#34;language-javascript&#34;&gt;var data = &#39;abc&#39;
console.log(data === +data + &amp;quot;&amp;quot;)        // false 不转换，直接返回字符串原值

var data = &#39;123&#39;
console.log(data === +data + &amp;quot;&amp;quot;)        // true 转换，使用转换后的数字类型值

var data = &#39;123e456&#39;
console.log(data === +data + &amp;quot;&amp;quot;)        // false 不转换，直接返回字符串原值

var data = &#39;0000123&#39;
console.log(data === +data + &amp;quot;&amp;quot;)        // false 不转换，直接返回字符串原值
&lt;/code&gt;&lt;/pre&gt;
</description>
    </item>
    
  </channel>
</rss>