<rss version="2.0" xmlns:atom="http://www.w3.org/2005/Atom">
  <channel>
    <title>deno on 臨池不輟</title>
    <link>https://keelii.com/tags/deno/</link>
    <description>Recent content in deno on 臨池不輟</description>
    <generator>Hugo -- gohugo.io</generator>
    <language>zh-CN</language>
    <lastBuildDate>Fri, 14 Aug 2020 19:18:33 -0700</lastBuildDate>
    
        <atom:link href="https://keelii.com/tags/deno/atom.xml" rel="self" type="application/rss+xml" />
    
    
    <item>
      <title>从实际案例讲 Deno 的应用场景</title>
      <link>https://keelii.com/2020/08/14/take-a-look-at-deno-from-actual-case/</link>
      <pubDate>Fri, 14 Aug 2020 19:18:33 -0700</pubDate>
      
      <guid>https://keelii.com/2020/08/14/take-a-look-at-deno-from-actual-case/</guid>
      <description>

&lt;blockquote&gt;
&lt;p&gt;此篇文章实际上就是《&lt;a href=&#34;https://keelii.com/2020/05/10/frontend-dev-bottleneck-and-future/&#34;&gt;前端开发的瓶颈与未来&lt;/a&gt;》的番外篇。主要想从实用的角度给大家介绍下 Deno 在我们项目中的应用案例，现阶段我们只关注应用层面的问题，不涉及过于底层的知识。&lt;/p&gt;
&lt;/blockquote&gt;

&lt;h2 id=&#34;简介&#34;&gt;简介&lt;/h2&gt;

&lt;p&gt;&lt;img src=&#34;https://vip1.loli.net/2020/08/14/TWlcqvGpLCuRAXb.png&#34; alt=&#34;deno&#34; /&gt;&lt;/p&gt;

&lt;p&gt;我们从它的官方介绍里面可以看出来加粗的几个单词：secure, JavaScript, TypeScript。简单译过来就是：&lt;/p&gt;

&lt;blockquote&gt;
&lt;p&gt;一个 JavaScript 和 TypeScript 的安全运行时&lt;/p&gt;
&lt;/blockquote&gt;

&lt;p&gt;那么问题来了，啥叫运行时（runtime）？可以简单的理解成可以执行代码的一个东西。那么 Deno 就是一个可以执行 JavaScript 和 TypeScript 的东西，浏览器就是一个只能执行 JavaScript 的运行时。&lt;/p&gt;

&lt;h2 id=&#34;特性&#34;&gt;特性&lt;/h2&gt;

&lt;ul&gt;
&lt;li&gt;默认是 &lt;strong&gt;安全的&lt;/strong&gt;，这意味着初始的情况下你是 &lt;strong&gt;不可以&lt;/strong&gt; 访问网络、文件系统、环境变量的。&lt;/li&gt;
&lt;li&gt;开箱即用的 TypeScript 支持，就是说你可以直接使用 Deno 运行 TypeScript 而 &lt;strong&gt;不需要&lt;/strong&gt; 使用 tsc 编译&lt;/li&gt;
&lt;li&gt;Deno 的构建版只有一个可执行文件，那么你可以直接下载这个可执行文件到本地执行，而 &lt;strong&gt;不需要&lt;/strong&gt; 编译、安装的操作&lt;/li&gt;
&lt;li&gt;内置了一些工具集，比如：依赖检查器、代码格式化。我们用到的测试框架居然没有被重点提起&lt;/li&gt;
&lt;li&gt;一系列的经过代码 review 的内置模块，这表示当你使用 Deno 的时候，一些常用的工具方法都内置了，不需要再添加三方依赖&lt;/li&gt;
&lt;li&gt;部分浏览器特性兼容，这个并不是官方宣传的特性，但是我认为是很重要的一点。这个我意味着如果设计合理，你的代码即可以跑在 Deno 里面，也可以在浏览器里面。&lt;/li&gt;
&lt;/ul&gt;

&lt;h2 id=&#34;安装&#34;&gt;安装&lt;/h2&gt;

&lt;p&gt;Mac/Linux 下命令行执行：&lt;/p&gt;

&lt;pre&gt;&lt;code class=&#34;language-bash&#34;&gt;curl -fsSL https://deno.land/x/install/install.sh | sh
&lt;/code&gt;&lt;/pre&gt;

&lt;p&gt;也可以去 Deno 的官方代码仓库下载对应平台的源（可执行）文件，然后将它放到你的环境变量里面直接执行。如果安装成功，在命令行里面输入：&lt;code&gt;deno --help&lt;/code&gt; 会有如下输出：&lt;/p&gt;

&lt;pre&gt;&lt;code class=&#34;language-bash&#34;&gt;➜  ~ deno --help
deno 1.3.0
A secure JavaScript and TypeScript runtime

Docs: https://deno.land/manual
Modules: https://deno.land/std/ https://deno.land/x/
Bugs: https://github.com/denoland/deno/issues
...
&lt;/code&gt;&lt;/pre&gt;

&lt;p&gt;以后如果想升级可以使用内置命令 &lt;code&gt;deno upgrade&lt;/code&gt; 来自动升级 Deno 版本，相当方便了。&lt;/p&gt;

&lt;h2 id=&#34;deno-内置命令&#34;&gt;Deno 内置命令&lt;/h2&gt;

&lt;p&gt;Deno 内置了丰富的命令，用来满足我们日常的需求。我们简单介绍几个：&lt;/p&gt;

&lt;h3 id=&#34;deno-run&#34;&gt;deno run&lt;/h3&gt;

&lt;p&gt;直接执行 JS/TS 代码。代码可以是本地的，也可以是网络上任意的可访问地址（返回JS或者TS）。我们使用官方的示例来看看效果如何：&lt;/p&gt;

&lt;pre&gt;&lt;code class=&#34;language-bash&#34;&gt;deno run https://deno.land/std/examples/welcome.ts
&lt;/code&gt;&lt;/pre&gt;

&lt;p&gt;如果执行成功就会返回下面的信息：&lt;/p&gt;

&lt;pre&gt;&lt;code class=&#34;language-bash&#34;&gt;➜  ~ deno run https://deno.land/std/examples/welcome.ts
Download https://deno.land/std/examples/welcome.ts
Warning Implicitly using latest version (0.65.0) for https://deno.land/std/examples/welcome.ts
Download https://deno.land/std@0.65.0/examples/welcome.ts
Check https://deno.land/std@0.65.0/examples/welcome.ts
Welcome to Deno 🦕
&lt;/code&gt;&lt;/pre&gt;

&lt;p&gt;可以看到这段命令做了两个事情：1. 下载远程文件 2. 执行里面的代码。我们可以通过命令查看这个远程文件里面内容到底是啥：&lt;/p&gt;

&lt;pre&gt;&lt;code class=&#34;language-bash&#34;&gt;➜  ~ curl https://deno.land/std@0.65.0/examples/welcome.ts
console.log(&amp;quot;Welcome to Deno 🦕&amp;quot;);
&lt;/code&gt;&lt;/pre&gt;

&lt;p&gt;不过需要注意的是上面的远程文件里面没有 &lt;strong&gt;显示的&lt;/strong&gt; 指定版本号，实际下载 std 中的依赖的时候会默认使用最新版，即：&lt;code&gt;std@0.65.0&lt;/code&gt; ，我们可以使用 curl 命令查看到源文件是 &lt;code&gt;302&lt;/code&gt; 重定向到带版本号的地址的：&lt;/p&gt;

&lt;pre&gt;&lt;code class=&#34;language-bash&#34;&gt;➜  ~ curl -i https://deno.land/std/examples/welcome.ts
HTTP/2 302 
date: Fri, 14 Aug 2020 01:53:06 GMT
content-length: 0
set-cookie: __cfduid=d3e9dfbd32731defde31eba271f19933b1597369985; expires=Sun, 13-Sep-20 01:53:05 GMT; path=/; domain=.deno.land; HttpOnly; SameSite=Lax; Secure
location: /std@0.65.0/examples/welcome.ts
x-deno-warning: Implicitly using latest version (0.65.0) for https://deno.land/std/examples/welcome.ts
cf-request-id: 048c44c2dc000019dd710cc200000001
expect-ct: max-age=604800, report-uri=&amp;quot;https://report-uri.cloudflare.com/cdn-cgi/beacon/expect-ct&amp;quot;
server: cloudflare
cf-ray: 5c270a4afd5719dd-SIN
&lt;/code&gt;&lt;/pre&gt;

&lt;p&gt;header 头中的 location 就是实际文件的下载地址：&lt;/p&gt;

&lt;pre&gt;&lt;code class=&#34;language-bash&#34;&gt;location: /std@0.65.0/examples/welcome.ts
&lt;/code&gt;&lt;/pre&gt;

&lt;p&gt;这就涉及到一个问题：实际使用的时候到底应不应该手动添加版本号？一般来说如果是生产环境的项目引用一定要是带版本号的，像这种示例代码里面就不需要了。&lt;/p&gt;

&lt;p&gt;上面说到 Deno 也可以执行本地的，那我们也试一试，写个本地文件，然后 运行它：&lt;/p&gt;

&lt;pre&gt;&lt;code class=&#34;language-bash&#34;&gt;➜  ~ echo &#39;console.log(&amp;quot;Welcome to Deno &amp;lt;from local&amp;gt;&amp;quot;);&#39; &amp;gt; welecome_local.ts
➜  ~ ls welecome_local.ts 
welecome_local.ts
➜  ~ deno run welecome_local.ts 
Check file:///Users/zhouqili/welecome_local.ts
Welcome to Deno &amp;lt;from local&amp;gt;
&lt;/code&gt;&lt;/pre&gt;

&lt;p&gt;可以看到输出了我们想要的结果。&lt;/p&gt;

&lt;p&gt;这个例子太简单了，再来个复杂点的吧，用 Deno 实现一个 Http 服务器。我们使用官方示例中的代码：&lt;/p&gt;

&lt;pre&gt;&lt;code class=&#34;language-ts&#34;&gt;import { serve } from &amp;quot;https://deno.land/std@0.65.0/http/server.ts&amp;quot;;
const s = serve({ port: 8000 });
console.log(&amp;quot;http://localhost:8000/&amp;quot;);
for await (const req of s) {
  req.respond({ body: &amp;quot;Hello World\n&amp;quot; });
}
&lt;/code&gt;&lt;/pre&gt;

&lt;p&gt;保存为 test_serve.ts，然后使用 &lt;code&gt;deno run&lt;/code&gt; 运行它，你会发现有报错信息：&lt;/p&gt;

&lt;pre&gt;&lt;code class=&#34;language-bash&#34;&gt;➜  ~ deno run test_serve.ts 
Download https://deno.land/std@0.65.0/http/server.ts
Download https://deno.land/std@0.65.0/encoding/utf8.ts
Download https://deno.land/std@0.65.0/io/bufio.ts
Download https://deno.land/std@0.65.0/_util/assert.ts
Download https://deno.land/std@0.65.0/async/mod.ts
Download https://deno.land/std@0.65.0/http/_io.ts
Download https://deno.land/std@0.65.0/async/deferred.ts
Download https://deno.land/std@0.65.0/async/delay.ts
Download https://deno.land/std@0.65.0/async/mux_async_iterator.ts
Download https://deno.land/std@0.65.0/async/pool.ts
Download https://deno.land/std@0.65.0/textproto/mod.ts
Download https://deno.land/std@0.65.0/http/http_status.ts
Download https://deno.land/std@0.65.0/bytes/mod.ts
Check file:///Users/zhouqili/test_serve.ts
error: Uncaught PermissionDenied: network access to &amp;quot;0.0.0.0:8000&amp;quot;, run again with the --allow-net flag
    at unwrapResponse (rt/10_dispatch_json.js:24:13)
    at sendSync (rt/10_dispatch_json.js:51:12)
    at opListen (rt/30_net.js:33:12)
    at Object.listen (rt/30_net.js:204:17)
    at serve (server.ts:287:25)
    at test_serve.ts:2:11
&lt;/code&gt;&lt;/pre&gt;

&lt;p&gt;&lt;code&gt;PermissionDenied&lt;/code&gt; 意思是你没有网络访问的权限，可以使用 &lt;code&gt;--allow-net&lt;/code&gt; 的标识来允许网络访问。这就是文章开头特性里面提到的默认安全。&lt;/p&gt;

&lt;p&gt;默认安全就是说被 Deno 执行的代码会默认被放进一个沙箱中执行，代码使用到的 API 接口都受制于 Deno 的宿主环境，Deno 当然是有网络访问、文件系统等能力的。但是这些系统级别的访问需要 deno 命令的 &lt;strong&gt;执行者&lt;/strong&gt; 授权。&lt;/p&gt;

&lt;p&gt;这个权限控制很多人觉得没必要，因为当我们运行代码时提示了受限，我们肯定手动添加上允许然后再执行嘛。但是区别是 Deno 把这个授权交给了执行者，好处就是如果执行的代码是第三方的，那么执行者就可以主动拒绝一些危险性很高的操作。&lt;/p&gt;

&lt;p&gt;比如我们安装一些命令行工具，而一般命令行工具都是不需要网络的，我们就可以不给它网络访问的权限。从而避免了程序偷偷地上传/下载文件。&lt;/p&gt;

&lt;h3 id=&#34;deno-eval&#34;&gt;deno eval&lt;/h3&gt;

&lt;p&gt;执行一段 JS/TS 字符串代码。这个和 JavaScript 中的 eval 函数有点类似。&lt;/p&gt;

&lt;pre&gt;&lt;code class=&#34;language-bash&#34;&gt;➜  ~ deno eval &amp;quot;console.log(&#39;hello from eval&#39;)&amp;quot;
hello from eval
&lt;/code&gt;&lt;/pre&gt;

&lt;h3 id=&#34;deno-install&#34;&gt;deno install&lt;/h3&gt;

&lt;p&gt;安装一个 deno 脚本，通常用来安装一个命令行工具。举个例子，在之前的 Deno 版本中有一个命令特别好用：&lt;code&gt;deno xeval&lt;/code&gt; 可以按行执行 eval 命令，类似于 Linux 中的 &lt;code&gt;xargs&lt;/code&gt; 命令。后来这个内置命令被移除了，但是 deno 的开发人员编写了一个 deno 脚本，我们可以通过 install 命令安装它。&lt;/p&gt;

&lt;pre&gt;&lt;code class=&#34;language-bash&#34;&gt;➜  ~ deno install -n xeval https://deno.land/std@0.65.0/examples/xeval.ts
Download https://deno.land/std@0.65.0/examples/xeval.ts
Download https://deno.land/std@0.65.0/flags/mod.ts
Download https://deno.land/std@0.65.0/io/bufio.ts
Download https://deno.land/std@0.65.0/bytes/mod.ts
Download https://deno.land/std@0.65.0/_util/assert.ts
Check https://deno.land/std@0.65.0/examples/xeval.ts
✅ Successfully installed xeval
/Users/zhouqili/.deno/bin/xeval
➜  ~ xeval
xeval

Run a script for each new-line or otherwise delimited chunk of standard input.

Print all the usernames in /etc/passwd:
  cat /etc/passwd | deno run -A https://deno.land/std/examples/xeval.ts &amp;quot;a = $.split(&#39;:&#39;); if (a) console.log(a[0])&amp;quot;

A complicated way to print the current git branch:
  git branch | deno run -A https://deno.land/std/examples/xeval.ts -I &#39;line&#39; &amp;quot;if (line.startsWith(&#39;*&#39;)) console.log(line.slice(2))&amp;quot;

Demonstrates breaking the input up by space delimiter instead of by lines:
  cat LICENSE | deno run -A https://deno.land/std/examples/xeval.ts -d &amp;quot; &amp;quot; &amp;quot;if ($ === &#39;MIT&#39;) console.log(&#39;MIT licensed&#39;)&amp;quot;,

USAGE:
  deno run -A https://deno.land/std/examples/xeval.ts [OPTIONS] &amp;lt;code&amp;gt;
OPTIONS:
  -d, --delim &amp;lt;delim&amp;gt;       Set delimiter, defaults to newline
  -I, --replvar &amp;lt;replvar&amp;gt;   Set variable name to be used in eval, defaults to $
ARGS:
  &amp;lt;code&amp;gt;
[]
&lt;/code&gt;&lt;/pre&gt;

&lt;p&gt;&lt;code&gt;-n xeval&lt;/code&gt; 表示全局安装的命令行名称，安装完以后你就可以使用  &lt;code&gt;xeval&lt;/code&gt; 了。&lt;/p&gt;

&lt;p&gt;举个例子，我们使用 xeval 过滤日志文件，仅仅展示 WARN 类型的行：&lt;/p&gt;

&lt;pre&gt;&lt;code class=&#34;language-bash&#34;&gt;➜  ~ cat catalina.out | xeval &amp;quot;if ($.includes(&#39;WARN&#39;)) console.log($.substring(0, 40)+&#39;...&#39;)&amp;quot;
2020-08-12 13:37:39.020  WARN 202 --- [I...
2020-08-12 13:37:39.020  WARN 202 --- [I...
2020-08-12 13:37:39.019  WARN 202 --- [I...
2020-08-12 13:34:42.822  WARN 202 --- [o...
2020-08-12 13:34:42.822  WARN 202 --- [o...
2020-08-12 13:34:42.814  WARN 202 --- [o...
2020-08-12 13:34:42.805  WARN 202 --- [o...
&lt;/code&gt;&lt;/pre&gt;

&lt;p&gt;&lt;code&gt;$&lt;/code&gt; 美元符表示当前行，程序会自动按行读取让执行 xeval 命令后面的 JS 代码。&lt;/p&gt;

&lt;p&gt;&lt;code&gt;catalina.out&lt;/code&gt; 是我本地的一个文本日志文件。你可能会觉得这样挺麻烦的，直接 &lt;code&gt;| grep WARN&lt;/code&gt; 不香嘛？但是 &lt;code&gt;xeval&lt;/code&gt; 的可编程性就高很多了。&lt;/p&gt;

&lt;h3 id=&#34;deno-test&#34;&gt;deno test&lt;/h3&gt;

&lt;p&gt;deno 内置了一个简易的测试框架，可以满足我们日常的单元测试需求。我们写一个简单的测试用例试试，新建一个文件 &lt;code&gt;test_case.ts&lt;/code&gt;，保存下面的内容：&lt;/p&gt;

&lt;pre&gt;&lt;code class=&#34;language-ts&#34;&gt;import { assertEquals } from &amp;quot;https://deno.land/std/testing/asserts.ts&amp;quot;;

Deno.test(&amp;quot;1 + 1 在任何情况下都不等于 3&amp;quot;, () =&amp;gt; {
    assertEquals(1 + 1 == 3, false)
    assertEquals(&amp;quot;1&amp;quot; + &amp;quot;1&amp;quot; == &amp;quot;3&amp;quot;, false)
})
&lt;/code&gt;&lt;/pre&gt;

&lt;p&gt;使用 test 命令跑这个测试用例：&lt;/p&gt;

&lt;pre&gt;&lt;code class=&#34;language-bash&#34;&gt;➜ deno test test_case.ts
Check file:///Users/zhouqili/.deno.test.ts
running 1 tests
test 1 + 1 在任何情况下都不等于 3 ... ok (3ms)

test result: ok. 1 passed; 0 failed; 0 ignored; 0 measured; 0 filtered out (3ms)
&lt;/code&gt;&lt;/pre&gt;

&lt;p&gt;可以看到测试通过了。&lt;/p&gt;

&lt;p&gt;还有其它很多好用的命令，但是在我并没用太多的实际使用经验，就不多介绍了。&lt;/p&gt;

&lt;h2 id=&#34;实战&#34;&gt;实战&lt;/h2&gt;

&lt;p&gt;上面说了这么多基础知识，终于可以讲点实际应用场景了。我们在自己的一个 SDK 项目中使用了 Deno 来做自动化单元测试的任务。整个流程走下来还是挺流畅的。代码就不放出来了，我只简单的说明下这个 SDK 需要做哪些事情，理想的开发流程是什么样的。&lt;/p&gt;

&lt;ol&gt;
&lt;li&gt;SDK 以 NPM 包的形式发布，给调用者使用&lt;/li&gt;
&lt;li&gt;SDK 主要提供一些封装方法，比如：网络请求、事件发布订阅系统等&lt;/li&gt;
&lt;li&gt;SDK 的代码通常不依赖 DOM 接口，并且调用的宿主环境方法与 Deno 兼容&lt;/li&gt;
&lt;li&gt;测试用例不需要在浏览器里面跑，使用 Deno 在命令行中自动化完成&lt;/li&gt;
&lt;li&gt;如果可以最好能做到浏览器使用可以独立打包成 UMD 模块，NPM 安装则可以直接引用 ES 版模块&lt;/li&gt;
&lt;/ol&gt;

&lt;p&gt;如果你的场景和上面的吻合，那么就可以使用 Deno 来开发。本质上讲我们开发的时候写的还是 TypeScript，只是需要我们在发布 NPM 包的时候稍微的进行一下处理即可。&lt;/p&gt;

&lt;p&gt;我们以实现一个 fetch 请求的封装方法为例来走通整个流程。&lt;/p&gt;

&lt;h3 id=&#34;初始化一个-npm-包&#34;&gt;初始化一个 NPM 包&lt;/h3&gt;

&lt;pre&gt;&lt;code class=&#34;language-bash&#34;&gt;➜  ~ mkdir mysdk
➜  ~ cd mysdk 
➜  mysdk npm init -y
&lt;/code&gt;&lt;/pre&gt;

&lt;p&gt;建立好文件夹目录，及主要文件：&lt;/p&gt;

&lt;pre&gt;&lt;code class=&#34;language-bash&#34;&gt;➜  mysdk mkdir src tests
➜  mysdk touch src/index.ts
➜  mysdk touch src/request.ts 
➜  mysdk touch tests/request.test.ts
&lt;/code&gt;&lt;/pre&gt;

&lt;p&gt;如果你使用的是 vscode 编辑器，可以安装好 deno 插件（denoland.vscode-deno），并且设置 &lt;code&gt;deno.enable&lt;/code&gt; 为 &lt;code&gt;true&lt;/code&gt;。你的目录结构应该是这样的：&lt;/p&gt;

&lt;pre&gt;&lt;code class=&#34;language-bash&#34;&gt;├── package.json
├── src
│   ├── index.ts
│   └── request.ts
└── tests
    └── request.test.ts
&lt;/code&gt;&lt;/pre&gt;

&lt;p&gt;&lt;code&gt;index.ts&lt;/code&gt; 为对外提供的导出 API。&lt;/p&gt;

&lt;h3 id=&#34;初始化-tsconfig&#34;&gt;初始化 tsconfig&lt;/h3&gt;

&lt;p&gt;使用 tsp &amp;ndash;init 来初始化项目的 typescript 配置：&lt;/p&gt;

&lt;pre&gt;&lt;code class=&#34;language-bash&#34;&gt;tsc --init
&lt;/code&gt;&lt;/pre&gt;

&lt;p&gt;更新 tsconfig.json 为下面的配置：&lt;/p&gt;

&lt;pre&gt;&lt;code class=&#34;language-json&#34;&gt;{
  &amp;quot;compilerOptions&amp;quot;: {
    &amp;quot;target&amp;quot;: &amp;quot;ES5&amp;quot;,
    &amp;quot;lib&amp;quot;: [&amp;quot;es6&amp;quot;, &amp;quot;dom&amp;quot;, &amp;quot;es2017&amp;quot;],
    &amp;quot;declaration&amp;quot;: true,
    &amp;quot;outDir&amp;quot;: &amp;quot;./build&amp;quot;,
    &amp;quot;strict&amp;quot;: true,
    &amp;quot;allowUmdGlobalAccess&amp;quot;: true,
    &amp;quot;forceConsistentCasingInFileNames&amp;quot;: true
  },
  &amp;quot;include&amp;quot;: [
    &amp;quot;src/**/*.ts&amp;quot;
  ]
}
&lt;/code&gt;&lt;/pre&gt;

&lt;p&gt;注意指定 &lt;code&gt;outDir&lt;/code&gt; 为 &lt;code&gt;build&lt;/code&gt; 方便我们将编译完的 JS 统一管理。&lt;/p&gt;

&lt;h3 id=&#34;编写-request-方法&#34;&gt;编写 request 方法&lt;/h3&gt;

&lt;p&gt;为了演示，这里就简单写下。&lt;code&gt;request.ts&lt;/code&gt; 代码实现如下：&lt;/p&gt;

&lt;pre&gt;&lt;code class=&#34;language-ts&#34;&gt;export async function request(url: string, options?: Partial&amp;lt;RequestInit&amp;gt;) {
    const response = await fetch(url, options)
    return await response.json()
}
&lt;/code&gt;&lt;/pre&gt;

&lt;p&gt;调用端封闭好 GET/POST 请求的快捷方法，并且从 &lt;code&gt;index.ts&lt;/code&gt; 文件导出：&lt;/p&gt;

&lt;pre&gt;&lt;code class=&#34;language-bash&#34;&gt;import {request} from &amp;quot;./request.ts&amp;quot;;

export async function get(url: string, options?: Partial&amp;lt;RequestInit&amp;gt;) {
    return await request(url, {
        ...options,
        method: &amp;quot;GET&amp;quot;
    })
}

export async function post(url: string, data?: object) {
    return await request(url, {
        body: JSON.stringify(data),
        method: &amp;quot;POST&amp;quot;
    })
}
&lt;/code&gt;&lt;/pre&gt;

&lt;p&gt;在 &lt;code&gt;tests/request.test.ts&lt;/code&gt; 目录写上单元测试用例：&lt;/p&gt;

&lt;pre&gt;&lt;code class=&#34;language-bash&#34;&gt;import { assertEquals } from &amp;quot;https://deno.land/std/testing/asserts.ts&amp;quot;;
import {get, post} from &amp;quot;../src/index.ts&amp;quot;;

Deno.test(&amp;quot;request 正常返回 GET 请求&amp;quot;, async () =&amp;gt; {
    const data = await get(&amp;quot;http://httpbin.org/get?foo=bar&amp;quot;);
    assertEquals(data.args.foo, &amp;quot;bar&amp;quot;)
})

Deno.test(&amp;quot;request 正常返回 POST 请求&amp;quot;, async () =&amp;gt; {
    const data = await post(&amp;quot;http://httpbin.org/post&amp;quot;, {foo: &amp;quot;bar&amp;quot;});
    assertEquals(data.json.foo, &amp;quot;bar&amp;quot;)
})
&lt;/code&gt;&lt;/pre&gt;

&lt;p&gt;最后在命令行使用 &lt;code&gt;deno test&lt;/code&gt; 命令跑测试用例。注意添加 &lt;code&gt;--allow-net&lt;/code&gt; 参数来允许代码访问网络：&lt;/p&gt;

&lt;pre&gt;&lt;code class=&#34;language-bash&#34;&gt;➜  mysdk deno test --allow-net tests/request.test.ts
Check file:///Users/zhouqili/mysdk/.deno.test.ts
running 2 tests
test request 正常返回 GET 请求 ... ok (632ms)
test request 正常返回 POST 请求 ... ok (342ms)

test result: ok. 2 passed; 0 failed; 0 ignored; 0 measured; 0 filtered out (974ms)
&lt;/code&gt;&lt;/pre&gt;

&lt;p&gt;我们可以看到测试都通过了，下面就可以安心的发布 NPM 包了。&lt;/p&gt;

&lt;p&gt;需要注意一点 Deno 写 TypeScript 的时候严格要求导入的 &lt;strong&gt;文件路径&lt;/strong&gt; 必须添加 &lt;code&gt;.ts&lt;/code&gt; 后缀。但是 TS 语言并不需要显式的添加这个后缀，TS 认为引入（import）的是一个 &lt;strong&gt;模块&lt;/strong&gt; 而不是文件。这一点 TS 做的比较极端，tsc 要求你必须删除掉 &lt;code&gt;.ts&lt;/code&gt; 后缀才能编译通过，这个我个人认为是非常不合理的。但是 Deno 有它的考虑，因为没有严格的文件名后缀引起程序 BUG 我自己也遇到过。&lt;/p&gt;

&lt;h3 id=&#34;发布-npm-包&#34;&gt;发布 NPM 包&lt;/h3&gt;

&lt;p&gt;上面的几步都相对流畅，唯独到发布 NPM 包这一步就比较麻烦。因为本质上讲 Deno 只是 TypeScript/JavaScript 的运行时，并不兼容 NPM 这种包管理工具。而且 NPM 是为 Node.JS 设计的，它也没有办法直接发布 TypeScript 的包，我们只能把 TypeScript 编译成 JavaScript 再进行发布。&lt;/p&gt;

&lt;p&gt;发布这里我们的需求有两点：&lt;/p&gt;

&lt;ol&gt;
&lt;li&gt;可以将最终的代码包合成到一个文件中编译成 UMD，浏览器引入这个脚本可以通过全局变量 &lt;code&gt;window.MySDK&lt;/code&gt; 访问到&lt;/li&gt;
&lt;li&gt;通过 NPM 安装的最好默认使用 ESModule&lt;/li&gt;
&lt;/ol&gt;

&lt;p&gt;第二个简单，我们直接使用 &lt;code&gt;tsc&lt;/code&gt; 的命令就可以完成：&lt;/p&gt;

&lt;pre&gt;&lt;code class=&#34;language-bash&#34;&gt;tsc -m esnext -t ES5 --outDir build/esm
&lt;/code&gt;&lt;/pre&gt;

&lt;p&gt;这时你会发现我上面提到的问题，tsc 报错了：&lt;/p&gt;

&lt;pre&gt;&lt;code class=&#34;language-bash&#34;&gt;➜  mysdk tsc -m esnext -t ES5 --outDir build/esm
src/index.ts:1:23 - error TS2691: An import path cannot end with a &#39;.ts&#39; extension. Consider importing &#39;./request&#39; instead.

1 import {request} from &amp;quot;./request.ts&amp;quot;;
                        ~~~~~~~~~~~~~~
&lt;/code&gt;&lt;/pre&gt;

&lt;p&gt;说我不能使用 &lt;code&gt;.ts&lt;/code&gt;！&lt;/p&gt;

&lt;p&gt;这就尴尬了，deno 要求我必须添加，TS 又要求我不能添加。你到底想让人家怎么样嘛？&lt;/p&gt;

&lt;p&gt;而且还有一个问题，我们现在实现的功能还很简单，引入的文件很少，可以手动修改下。但是以后功能多了怎么办？文件很多手动修改肯定不是办法啊。实在不行还是算了，不用 Deno 了？&lt;/p&gt;

&lt;p&gt;其实嘛，解决方法还是有的，上面我们不是介绍过 Deno 安装脚本功能了吗。我们自己写个脚本放在 NPM Script 里面，每次编译发布前这个脚本自动把 &lt;code&gt;.ts&lt;/code&gt; 去掉，发布完再自动改回来不就好了。&lt;/p&gt;

&lt;p&gt;于是乎我自己写了一个 Deno 脚本，专门用来给项目的文件批量添加或者删除引用路径上面的 &lt;code&gt;.ts&lt;/code&gt; 后缀：&lt;/p&gt;

&lt;p&gt;源代码我就不全部贴出来了，简单讲就是用正则匹配出每个 ts 文件中的头部的 import 语句，按命令传入的参数去处理后缀就可以了。代码我放到了 gist 上，有兴趣的可以研究下：&lt;/p&gt;

&lt;blockquote&gt;
&lt;p&gt;&lt;a href=&#34;https://gist.github.com/keelii/d95492873f35f96d95f3a169bee934c6&#34;&gt;https://gist.github.com/keelii/d95492873f35f96d95f3a169bee934c6&lt;/a&gt;&lt;/p&gt;
&lt;/blockquote&gt;

&lt;p&gt;你可以使用下面的命令来安装并使用它：&lt;/p&gt;

&lt;pre&gt;&lt;code class=&#34;language-bash&#34;&gt;deno install --allow-read --allow-write -f -n deno_ext https://gist.githubusercontent.com/keelii/d95492873f35f96d95f3a169bee934c6/raw/9736099cb47ef706e6c184e83c78fdfc822810dd/deno_ext.ts
&lt;/code&gt;&lt;/pre&gt;

&lt;p&gt;使用 deno_ext 命令即可：&lt;/p&gt;

&lt;pre&gt;&lt;code class=&#34;language-bash&#34;&gt; ~ deno_ext
✘ error with command.

Remove or restore [.ts] suffix from your import stmt in deno project.

Usage:
  deno_ext remove &amp;lt;files&amp;gt;...
  deno_ext restore &amp;lt;files&amp;gt;...
Examples:
  deno_ext remove **/*.ts
  deno_ext restore src/*.ts
&lt;/code&gt;&lt;/pre&gt;

&lt;p&gt;工具告诉你如何使用它，remove/restore 两个子命令+目标文件即可。&lt;/p&gt;

&lt;p&gt;我们配合 &lt;code&gt;tsc&lt;/code&gt; 可以实现发布时自动更新后缀，发布完还原回去，参考下面的 NPM script：&lt;/p&gt;

&lt;pre&gt;&lt;code class=&#34;language-json&#34;&gt;{
  &amp;quot;scripts&amp;quot;: {
    &amp;quot;proc:rm_ext&amp;quot;: &amp;quot;deno_ext remove src/*.ts&amp;quot;,
    &amp;quot;proc:rs_ext&amp;quot;: &amp;quot;deno_ext restore src/*.ts&amp;quot;,
    &amp;quot;tsc&amp;quot;: &amp;quot;tsc -m esnext -t ES5 --outDir build/esm&amp;quot;,
    &amp;quot;build&amp;quot;: &amp;quot;npm run proc:rm_ext &amp;amp;&amp;amp; npm run tsc &amp;amp;&amp;amp; npm run proc:rs_ext&amp;quot;
  }
}
&lt;/code&gt;&lt;/pre&gt;

&lt;p&gt;我们使用 &lt;code&gt;npm run build&lt;/code&gt; 命令就可以完成打包 ESModule 的功能：&lt;/p&gt;

&lt;pre&gt;&lt;code class=&#34;language-bash&#34;&gt;➜  mysdk npm run build

&amp;gt; mysdk@1.0.0 build /Users/zhouqili/mysdk
&amp;gt; npm run proc:rm_ext &amp;amp;&amp;amp; npm run tsc &amp;amp;&amp;amp; npm run proc:rs_ext


&amp;gt; mysdk@1.0.0 proc:rm_ext /Users/zhouqili/mysdk
&amp;gt; deno_ext remove src/*.ts

Processing remove [/Users/zhouqili/mysdk/src/index.ts]
Processing remove [/Users/zhouqili/mysdk/src/request.ts]

&amp;gt; mysdk@1.0.0 tsc /Users/zhouqili/mysdk
&amp;gt; tsc -m esnext -t ES5 --outDir build/esm


&amp;gt; mysdk@1.0.0 proc:rs_ext /Users/zhouqili/mysdk
&amp;gt; deno_ext restore src/*.ts

Processing restore [/Users/zhouqili/mysdk/src/index.ts]
Processing restore [/Users/zhouqili/mysdk/src/request.ts]
&lt;/code&gt;&lt;/pre&gt;

&lt;p&gt;最终打包出来的文件都在 build 目录里面：&lt;/p&gt;

&lt;pre&gt;&lt;code class=&#34;language-bash&#34;&gt;build
└── esm
    ├── index.d.ts
    ├── index.js
    ├── request.d.ts
    └── request.js
&lt;/code&gt;&lt;/pre&gt;

&lt;p&gt;接下来我们还需要将源代码打包成单独的一个 UMD 模块，并展出到全局变量 &lt;code&gt;window.MySDK&lt;/code&gt; 上面。虽然 TypeScript 是支持编译到 UMD 格式模块的，但是它并不支持将源代码 bundle 到一个文件里面，也不能添加全局变量引用。因为本质上讲 TypeScript 是一个编译器，只负责把模块编译到支持的模块规范，本身没有 bundle 的能力。&lt;/p&gt;

&lt;p&gt;但是实际上当你选择 &amp;ndash;module=amd 时，TypeScript 其实是可以把文件打包 concat 到一个文件里面的。但是这个 concat 只是简单地把每个 AMD 模块拼装起来，并没有 rollup 这类的专门用来 bundle 模块的高级功能，比如 tree-shaking 什么的。&lt;/p&gt;

&lt;p&gt;所以想达到我们目标还得引入模块 bundler 的工具，这里我们使用 rollup 来实现。什么？你问我为啥不用 webpack？别问，问就是「人生苦短，学不动了」。&lt;/p&gt;

&lt;p&gt;rollup 我们也就不搞什么配置文件了，越简单越好，直接安装 devDependencies 依赖：&lt;/p&gt;

&lt;pre&gt;&lt;code class=&#34;language-bash&#34;&gt;npm i rollup -D
&lt;/code&gt;&lt;/pre&gt;

&lt;p&gt;然后在 package.json 中使用 rollup 把 tsc 编译出来的 esm 模块再次 bundle 成 UMD 模块：&lt;/p&gt;

&lt;pre&gt;&lt;code class=&#34;language-bash&#34;&gt;&amp;quot;scripts&amp;quot;: {
    &amp;quot;rollup:umd&amp;quot;: &amp;quot;./node_modules/.bin/rollup build/esm/index.js --file build/umd/index.bundle.js --format umd --name &#39;MySDK&#39;&amp;quot;
}
&lt;/code&gt;&lt;/pre&gt;

&lt;p&gt;然后可以通过执行 &lt;code&gt;npm run rollup:umd&lt;/code&gt; 来实现打包成 UMD 并将 API 绑定到全局变量  &lt;code&gt;MySDK&lt;/code&gt; 上面。我们可以直接将 &lt;code&gt;build/umd/index.bundle.js&lt;/code&gt; 的代码复制进浏览器控制台执行，然后 看看 window 上有没有这个 &lt;code&gt;MySDK&lt;/code&gt; 变量，不出意外的话，就会看到了。&lt;/p&gt;

&lt;p&gt;&lt;img src=&#34;https://vip1.loli.net/2020/08/14/NTwQ7oiAmzc6Hyg.png&#34; alt=&#34;mysdk-window-global-ns&#34; /&gt;&lt;/p&gt;

&lt;p&gt;我们在 &lt;code&gt;index.ts&lt;/code&gt; 文件中 export 了两个 function：get/post 都有了。来试试看能不能运行起来&lt;/p&gt;

&lt;p&gt;&lt;strong&gt;注意&lt;/strong&gt;：有的浏览器可能还不支持 async/await，所以我们使用了 Promise 来发送请求&lt;/p&gt;

&lt;p&gt;&lt;img src=&#34;https://vip1.loli.net/2020/08/14/ua4eb2CUyMvm6ki.png&#34; alt=&#34;mysdk-get-request&#34; /&gt;&lt;/p&gt;

&lt;p&gt;到此，我们所有的需求都满足了，至少对于开发一个 SDK 级别的应用应该是没问题了。相关代码可以参考这里：&lt;a href=&#34;https://github.com/keelii/mysdk&#34;&gt;https://github.com/keelii/mysdk&lt;/a&gt;&lt;/p&gt;

&lt;p&gt;需要注意的几个问题：&lt;/p&gt;

&lt;ol&gt;
&lt;li&gt;我们代码中能使用 fetch 的原因是 Deno 和浏览器都支持这个 API，对于浏览器支持 Deno 不支持的就没办法写测试用例了，比如：LocalStorage 目前 Deno 还不支持&lt;/li&gt;
&lt;li&gt;用 Deno 脚本移除 &lt;code&gt;.ts&lt;/code&gt; 的后缀这个操作是比较有风险的，如果你的项目比较大，就不建议直接这么处理了，这个脚本目前也只在我们一个项目里面实际用到过。正则匹配换后缀这种做法总不是 100% 安全的&lt;/li&gt;
&lt;/ol&gt;
</description>
    </item>
    
    <item>
      <title>前端开发的瓶颈与未来之路</title>
      <link>https://keelii.com/2020/05/10/frontend-dev-bottleneck-and-future/</link>
      <pubDate>Sun, 10 May 2020 19:18:33 -0700</pubDate>
      
      <guid>https://keelii.com/2020/05/10/frontend-dev-bottleneck-and-future/</guid>
      <description>

&lt;blockquote&gt;
&lt;p&gt;前端开发的瓶颈到底在哪里，前端技术是否已经走到一个十字路口，全栈化的系统架构是否能改变目前的窘境？本文将根据作者自身的开发经历谈谈当下前端开发中遇到的一些问题和想法。&lt;/p&gt;
&lt;/blockquote&gt;

&lt;h2 id=&#34;引子&#34;&gt;引子&lt;/h2&gt;

&lt;p&gt;近两年我一直在思考的一个问题：&lt;/p&gt;

&lt;blockquote&gt;
&lt;p&gt;如果前端不用考虑性能问题、不用考虑终端兼容性、不用考虑历史遗留问题，甚至不用考虑具体技术实现&amp;hellip;&lt;/p&gt;
&lt;/blockquote&gt;

&lt;p&gt;如果我们假设自己有丰富的技术储备，同时不用考虑上面的问题，那么前端究竟 &lt;strong&gt;能&lt;/strong&gt; 做出什么样有价值的东西？&lt;/p&gt;

&lt;p&gt;我们把时间拉到 5 年前&amp;hellip;&lt;/p&gt;

&lt;p&gt;如果你「那时」还是前端开发的话。上面的问题肯定是你不得不面临的典型问题。甚至是当时前端开发的意义所在。&lt;/p&gt;

&lt;ul&gt;
&lt;li&gt;你会为了精确还原设计稿熬夜加班，从而练就一双像素眼；&lt;/li&gt;
&lt;li&gt;你会为了解决几个字节的性能问题研究优化方案，以至看懂了每一个 HTTP 请求头；&lt;/li&gt;
&lt;li&gt;你也会因为某些技术问题和同事理论，最终到达到与产品谈笑风声的境界；&lt;/li&gt;
&lt;li&gt;&amp;hellip;&lt;/li&gt;
&lt;/ul&gt;

&lt;p&gt;但是随着时间的推移，前端技术的更新迭代，以及互联网的发展。你会发现这些曾经的问题似乎已经不再是问题，或者说在能预见的未来 &lt;em&gt;可能&lt;/em&gt; 不再是问题。&lt;/p&gt;

&lt;p&gt;页面加载性能可能不再是问题，技术上有了 HTTP2，基建上有了 5G，硬盘也越来越快。&lt;/p&gt;

&lt;p&gt;兼容性问题慢慢淡出大家的视角，Chrome 一家独大，微软也不得不向它靠拢。&lt;/p&gt;

&lt;p&gt;很多前端开发已经具备了后端（或者说多端）的技术能力，技术储备也可能不是问题，当然前提是你能招到人。&lt;/p&gt;

&lt;h2 id=&#34;定义&#34;&gt;定义&lt;/h2&gt;

&lt;p&gt;到底什么是前端开发，前端与后端的界限在哪里？我在三年前对它的定义是：&lt;/p&gt;

&lt;blockquote&gt;
&lt;p&gt;前端为 界面、交互展示负责；
后端为 数据、业务逻辑负责;&lt;/p&gt;
&lt;/blockquote&gt;

&lt;p&gt;不过现在看来似乎已经过时了，我越来越觉得不应该有这样一个清晰的界限把前后端分割开来，尤其是技术层面（除了职能层面的界限有利于协作以外）。这就好比说：如果你不能打破规则，那就必将被规则束缚。&lt;/p&gt;

&lt;p&gt;我一直认为程序员应该对新的技术、工具、理念有比平常人更快的适应能力。举个简单的例子，我以前写代码通常使用 tab 缩进，后来大家都建议使用空格，刚开始尝试换成空格肯定是拒绝的，因为让人改变习惯是一件很难的事情。但是当你真正为了改变做出实践的时候，往往就会发现一条新大路。同样还有加不加分号的问题。&lt;/p&gt;

&lt;p&gt;现在回过头来再看，前端在整个系统层面担任的角色至少应该是整个视图 View 层面的。视图层面的技术更接近软件系统的上层，更感性。感性的东西就是说一个颜色，我觉得好看，他觉得不好看，完全属于个人情感诉求。所以前端更注重与UI、交互 以及整个产品层面需要解决的问题。优秀的前端必然要具备敏锐的产品洞察能力。&lt;/p&gt;

&lt;p&gt;当然这还只是前端最基础的职责所在。同时前端做为最接近产品的技术角色，技术才是前端真正的硬实力。&lt;/p&gt;

&lt;p&gt;大约在去年一年的时间，我的岗位从前端转向了后端 Java 程序员的角色。虽然只做了一年的 Java 程序员，但是对我自身的技术提升而言是最多的一年。大家可能普遍的认为后端转前端比较容易，前端转后端会有门槛，实际上根据我自己的体验来讲并非如此。&lt;/p&gt;

&lt;p&gt;Java 这门语言是商业化、成熟度特别高的语言。无论是语言本身，还是周边框架、工具都有一套非常成熟且层次分明的系统化抽象。如果你有两、三年的编程经验，突然让你上转写 Java 是非常容易的一件事情，尤其是写 Java web。Spring 框架已经为程序员屏蔽了很多复杂问题，而且已经事实上成为了各大互联网公司的主流框架选型。&lt;/p&gt;

&lt;p&gt;我特意按我自己的学习线路绘制了一张 Java 版的程序员学习线路，仅供参考：&lt;/p&gt;

&lt;p&gt;&lt;img src=&#34;https://vip1.loli.net/2020/05/10/wpNtkiOI231evPV.png&#34; alt=&#34;Java arch.png&#34; /&gt;&lt;/p&gt;

&lt;p&gt;我们可以清楚的看出来 Java 构建的整个体系最大的特点：它是渐进式的，一步一步地给开发者建立正向的引导。&lt;/p&gt;

&lt;p&gt;当我处在在&lt;strong&gt;应用层&lt;/strong&gt;阶段的时候，我需要关心的只是一些概念，方法，具备基础了以后就可以借助 Spring 框架入门，入门后就可以研究源码，你会发现 Spring 的本质核心类 DispatchServlet，从此 Servlet 就出现在了你的视野。我以前上学时理解不了 java 中 Servlet 的概念，后来参加了工作又学些了 Python，再次看到 Java 中的 Servlet 的时候瞬间就明白了它就是 Python 中的 uwsgi，就是一种接口，将编程语言和服务器网关链接起来的一种规范。&lt;/p&gt;

&lt;p&gt;然后你就可以顺利进入下一环节，服务器/通信。这里你会发现整个网络编程的核心 Socket，同样以前上学的时候没理解 Socket 的概念，继续学习后你就会明白 Socket 其实就是操作系统提供给编程语言的一种能力，有了它就可以建立服务器与客户端之间的通信。在这一环节中你会学习到网络层 TCP/IP 协议，明白了 TCP/UDP 的区别，&lt;code&gt;while (true) { socket.listen() }&lt;/code&gt; 建立 Socket 监听会有性能问题，此时你便进入下一个抽象层次，操作系统和计算机原理。&lt;/p&gt;

&lt;p&gt;为了解决「while true」监听连接的性能问题，你会去学习多线程技术，了解并发的概念。你可能总会听到别人讨论并发和并行的区别。继续学习后，慢慢的你就会明白：并发多用来解决网络IO（硬盘）的效率问题，而并行则是为了更好的利用多/核处理器（CPU）的问题。这时你会发现这个阶段涉及到了很多的计算机硬件知识。内存分配、CPU计算、IO 复用等等。&lt;/p&gt;

&lt;p&gt;像 Spring 这种框架才能真正意义上被称做 &lt;strong&gt;框架&lt;/strong&gt;，因为它不仅仅解决了软件开发的问题，更重要的是 AOP/IoC 这类概念可以完全改变编程的一些理念。使用 Spring 开发 web 应用，联合 Java 构建出来的生态，整个开发流程就像呼吸一样自然。&lt;/p&gt;

&lt;p&gt;Java 构建出来的软件开发体系就像是把程序员放进了一个一个的层次分明的小柜子里面，进去了以后你根本不需要关注外界是怎么样的，做好自己那部分工作就可以了。如果你对外界有兴趣可以一点点的顺藤摸瓜，跳出你原来的小柜子。即保证精力专注的同时又建立起一套有秩序的提升曲线。这一点是别的语言体系没有的。&lt;/p&gt;

&lt;p&gt;实际上我在转 Java 之前对 Java 有着不小的误解，甚至转 Java 本身也不是我自己的想法。但当你真正转型成 Java 程序员后。看懂了数以百万行记的代码仓库、维护过每秒好几十万的 QPS 项目、见识过百行的 SQL 的时候，你才会对 Java 和软件开发产生一种敬畏之心，才会对技术才有了更深层次的理解。&lt;/p&gt;

&lt;p&gt;这时候再回过头来看前端，看 JavaScript，才会发现它们之间的区别与特点。很多之前争论的东西也就有了结论。&lt;/p&gt;

&lt;h2 id=&#34;瓶颈&#34;&gt;瓶颈&lt;/h2&gt;

&lt;p&gt;我相信从事前端工作稍微长一点（5年以上）的人近两年都会有一种感觉：前端似乎没什么东西可以玩出花样了。这是因为很多东西都已经成为了前端事实上的主流，以前前端没有的基建慢慢的被完善。语言、框架、可视化、跨端、游戏、工具/自动化/工程化 这些领域都在发展。&lt;/p&gt;

&lt;p&gt;语言方面 TypeScript 必然是主流，无论你愿意与否，你都将不得不使用它来写前端。框架方面 React 已经是事实上的主流了，没必要再做选择题。打包工具 Webpack 也是一家独大，虽然被很多人诟病，但是社区生态起来了，想改变就很难。跨端应用 Electron 也不用想了，VSCode 能做好你做不好那就不是选型的问题了。2D 游戏/绘图方面 PixiJS 6 已经在设计中了，3D 我个人认为就先别玩了。&lt;/p&gt;

&lt;p&gt;这些看似成熟的体系实际上还是有很多可以挖掘的东西。如果你不深入研究，或许会认为过两年这些技术就稳定了前端就可以做到大一统的状态。这个想法可能就过于天真了，我举例解释下它们各自的瓶颈：&lt;/p&gt;

&lt;h3 id=&#34;前-客户端框架的瓶颈&#34;&gt;前/客户端框架的瓶颈&lt;/h3&gt;

&lt;p&gt;React（并不特指 React）虽然现在看起来是主流，但是它本身有很多问题是没解决的，甚至可以说是无解的。React 的本质只是一个 UI Library，并不是框架 Framework。框架要解决的问题是系统层面的不是某个抽象层面的。用 React 写过几个项目以后你就会认识到用 React 去写大型项目是非常麻烦的事情，React 本身并不解决 SPA 应用中数据流的问题，甚至没解决状态管理的问题（或者说状态管理本来就是个伪命题？）。一个很简单的父子组件之间状态共享的问题一直没有成熟的解决方案，hooks 这种方案更像是拆了东墙补西墙。&lt;/p&gt;

&lt;p&gt;而且现在 React 社区弥漫着一种崇尚函数式编程的邪气，hooks 更像是一块遮羞布。多数人用 hooks 的原因仅仅是不想使用 Class，因为 Class 很臃肿，function 更简单。当然这个逻辑是没问题的。函数确实简单，但是如果你把一个函数里面写上几百行的代码，各种 hooks 用到飞起的时候，你才会回过头来反思如何组织代码。如果 Class 能以一种更好/更易于理解的方式去抽象那为什么不用呢？&lt;/p&gt;

&lt;h3 id=&#34;后-服务端框架的瓶颈&#34;&gt;后/服务端框架的瓶颈&lt;/h3&gt;

&lt;p&gt;前端框架如此，基于 Node.JS 的后端框架也好不到哪儿去，难道你真的想用 Express/Koa.js 去写大型的后端应用？这种量级的框架连 web 开发最简单的三层模型（ 模型、视图、控制器）支持都不完整。当然你可能会说小型框架本来就只关注某一方面嘛，视图和模型层的东西可以用其它三方库解决。是的，确实可以这样，不过你不觉得 Node.JS 的第三方库有点太多了吗。正如 NestJS 在文档中提到的一个问题一样「很多 JavaScript 类库都没有高效地解决一个问题 &lt;strong&gt;架构&lt;/strong&gt;。」React/Vue/Express/Koa 这些都是相对独立的点，没有一个东西能把他们连接起来形成一个面，形成一种框架级别的体系。这就是架构的问题。&lt;/p&gt;

&lt;p&gt;这里多说一点，结合上面 Java 构建出来的生态，对比 Node.JS 的话。我借用自己打过的比喻：如果你低头看到的是 Node.JS，那么你抬头未必能看见 Java。假如你从事前端开发 2，3 年遇到瓶颈，想转学  Node.JS，你会学习 Exporess/Koa 这类框架，但是很快你就会发现一个严重的问题：没办法深入下去了。因为当你用 Express 写完一个页面后就面临着各种技术上的盲点，会让你无所适从。&lt;/p&gt;

&lt;p&gt;我也尝试绘制一张我对 JavaScript/Node.JS 或者说大前端体系理解的一张图:&lt;/p&gt;

&lt;p&gt;&lt;img src=&#34;https://vip1.loli.net/2020/05/10/6DBWfH7tybxdP1Q.png&#34; alt=&#34;node-arch.png&#34; /&gt;&lt;/p&gt;

&lt;p&gt;JavaScript 体系看似前后端通吃，客户端、 服务端甚至桌面端皆有。但是最大的问题在于：没有一个东西能给他们建立起关系并发展成为一种体系。&lt;/p&gt;

&lt;p&gt;插播一条娱乐看点，前两天写 Ruby on rails 框架的作者 DHH 发推并配图：&lt;/p&gt;

&lt;p&gt;&lt;img src=&#34;https://vip1.loli.net/2020/05/10/bKAeufqpHXNRmoG.png&#34; alt=&#34;dhh.png&#34; /&gt;&lt;/p&gt;

&lt;p&gt;大意如下：&lt;/p&gt;

&lt;blockquote&gt;
&lt;p&gt;现在的年轻人在 web 开发的时候是这样的嘛？底层逻辑、纯手写连接池 + 纯手工 SQL、配置文件都放在了一起。天哪！（截图中使用的式TJ大神写的 Express 框架）&lt;/p&gt;
&lt;/blockquote&gt;

&lt;p&gt;然后 TJ 大神也回复了：&lt;/p&gt;

&lt;p&gt;&lt;img src=&#34;https://vip1.loli.net/2020/05/10/vCJ4zSNBVDmLEHo.png&#34; alt=&#34;tj.png&#34; /&gt;&lt;/p&gt;

&lt;p&gt;大意如下：&lt;/p&gt;

&lt;blockquote&gt;
&lt;p&gt;只有菜鸟玩家才能写出干净、简洁、高性能（黑 Ruby 性能）、见名知意的 SQL，而不是去写一个有15层的抽象。&lt;/p&gt;
&lt;/blockquote&gt;

&lt;p&gt;两者的推特对话挺有意思，大家娱乐一下。&lt;/p&gt;

&lt;h3 id=&#34;typescript-语言的瓶颈&#34;&gt;TypeScript 语言的瓶颈&lt;/h3&gt;

&lt;p&gt;TypeScript 也主流，但是持续关注 TS 到现在，我发现 TS 也遇到了瓶颈，这个瓶颈不仅来自于 TS 的设计目标与理念，更多的还是社区及 TC39。TS 的设计初衷是 JavaScript 的超集，由于本身要编译成 JS，这一点本质上限制了 TypeScript 的方向，设计者对于添加一个新特性会非常谨慎，一者怕与 TC39 ES proposal 冲突，二者要考编译到不同版本 JavaScript 的兼容性问题。以至于现在 TS 新的语言特性只会跟进 TC 39 发布的最新 ES proposal。但是我个人对于 TC 39 的效率及未来持怀疑态度，decorator 的提案一直还处于 Stage 2 的阶段，像这种其它语言都成为标配好几年的事情，现在 JavaScript 社区还在草案（stage-2）阶段。&lt;/p&gt;

&lt;blockquote&gt;
&lt;p&gt;普及下 ECMA 的标准的流程：&lt;/p&gt;

&lt;ol&gt;
&lt;li&gt;stage-1：前期设想&lt;/li&gt;
&lt;li&gt;stage-2：正式提案（装饰器所在的阶段）&lt;/li&gt;
&lt;li&gt;stage-3：实现候选&lt;/li&gt;
&lt;li&gt;Stage-4：完成测试&lt;/li&gt;
&lt;li&gt;各个浏览器 JS 引擎实现；TypeScript 实现&lt;/li&gt;
&lt;/ol&gt;
&lt;/blockquote&gt;

&lt;p&gt;&lt;img src=&#34;https://vip1.loli.net/2020/05/10/zuS1fYsNeyUKtxI.png&#34; alt=&#34;stage2-decorator.png&#34; /&gt;&lt;/p&gt;

&lt;p&gt;在这个问题上我认为其实也很好解决，开个脑洞：如果微软想借助编程语言一统浏览器和客户端是没有什么不可能的。并入 TC39 组织，开发真正属于 TypeScript 的原生引擎，奉天子以令不臣的方式也未尝不可。&lt;/p&gt;

&lt;p&gt;近几年 Microsoft 对于开源的投入是肉眼可见的，微软要发力我相信很多东西都会有翻天覆地的变化。&lt;/p&gt;

&lt;h3 id=&#34;打包工具的瓶颈&#34;&gt;打包工具的瓶颈&lt;/h3&gt;

&lt;p&gt;Webpack/Babel 就更不用说了，主流中的主流。但是也是问题最严重的一个。Webpack/Babel 的流行恰恰从反面证明了前端的基础设施有多么的烂。现在国外网友老天天叫喊着 Webpack/Babel is eval 也是挺值得深思的。我们引入了一个新工具来解决问题，却又在不经意之间产生了新问题。&lt;/p&gt;

&lt;p&gt;前端构建工具问题的本质还是在于 Node.JS 的包管理工具的设计。这一点在 Node.JS 的作者 Ryan Dahl 关于 Deno 演讲《10 Things I Regret About Node.js》中也有过「官方」的承认。我相信任何一个实现过构建工具的人都被 Node gyp 打败过。node-sass, fsevent 的痛不必细说。更不用说万年被黑的 node_modules 了，你根本不知道一个简单的 npm install 命令会导致安装成千上万个 npm 包被安装到你的机器上。&lt;/p&gt;

&lt;p&gt;&lt;img src=&#34;https://vip1.loli.net/2020/05/10/4FWgDfbqiOLh5Iu.png&#34; alt=&#34;ry-node-regret.png&#34; /&gt;&lt;/p&gt;

&lt;p&gt;当然每种编程语言对应的包管理工具都要解决依赖问题，而且这是一个普遍的问题，脚本/解释型编程语言尤为突出，Python/Ruby/PHP 都有这些类似的问题。或许 Go/Rust 这种把源代码编译打包成单个可执行文件的方式才是好的解决方式。&lt;/p&gt;

&lt;h2 id=&#34;未来&#34;&gt;未来&lt;/h2&gt;

&lt;p&gt;从前人们总是抱怨 JavaScript 这门语言，黑它、讽刺它。但是我看到的是它在一点点变好。不仅是语言层面逐步完善，工具链生态日趋成熟，使用它的也人越来越多。大家对它的关注程度也在提高，整个 JavaScript 开发者的水平也在向更高更强的方向发展。生存环境只会淘汰那些老旧不再进化的事物，能适应变化的才会永存。&lt;/p&gt;

&lt;p&gt;JavaScript 这门语言有两个其它 &lt;strong&gt;任何&lt;/strong&gt; 编程语言都不具备的优点：&lt;/p&gt;

&lt;ol&gt;
&lt;li&gt;几乎 &lt;strong&gt;无所不在&lt;/strong&gt; 且不用安装，有浏览器就有 JavaScript。脚本语言意味着它能被嵌入到任何宿主环境中去：Nginx、Native应用、硬件编程、物连网、嵌入式 都有它的身影&lt;/li&gt;
&lt;li&gt;这门语言对于技术的更新迭代有着强大的 &lt;strong&gt;适应能力&lt;/strong&gt;。JavaScript 本身的更新迭代速度导致它进化速度很多，语言上的新特性会很快被运用到生产环境。相比 Python 而言，这简直是做梦，Python 2 到 3 的转换没人能看到真正的时间表。&lt;/li&gt;
&lt;/ol&gt;

&lt;p&gt;当下的前端开发状况不由得让我我想起苏东坡《晁错论》中的一段话：&lt;/p&gt;

&lt;blockquote&gt;
&lt;p&gt;天下之患，最不可为者，名为治平无事，而其实有不测之忧&amp;hellip;&lt;/p&gt;
&lt;/blockquote&gt;

&lt;p&gt;最大的问题在于，有些事物，从表面上看着平淡无奇，但实际上底层暗流涌动，似乎每一时刻都有着巨变的可能性。这也是前端开发最有趣也最有潜力的地方。&lt;/p&gt;

&lt;p&gt;作为一名新时代的前端开发者，就是要在这看似风平浪静的表面之下，找到一些真正的突破点，兴许只是一个简单的想法，顺应时势然后造就出不斐的成就也说不定呢。&lt;/p&gt;

&lt;p&gt;无论是前端还是后端、国内还是国外，技术才是真正的核心竞争力，只有技术革新才能提高生产力，而对于我们程序员来讲，编程则是唯一能提升硬实力的方法。只要你心中充满了热情，坚持下去总会走出一条自己的路子。&lt;/p&gt;

&lt;p&gt;&lt;strong&gt;分享一段小经历&lt;/strong&gt;&lt;/p&gt;

&lt;p&gt;我在 2018 年有幸参加了 TypeScirpt 的推广大会，TypeScript 的作者 Anders Hejlsberg 亲自主讲。一位将近 60 岁的程序员在讲台上滔滔不绝的讲技术方案，TS 的设计理念。你真的很难想像这样一位处于「知天命」阶段的老头子（实际上很年轻）讲的东西。&lt;/p&gt;

&lt;p&gt;&lt;img src=&#34;https://vip1.loli.net/2020/05/10/lz6uP1RijHBqotd.jpg&#34; alt=&#34;typescript-2015.jpg&#34; /&gt;&lt;/p&gt;

&lt;p&gt;QA 环节有个年轻小伙问到 Anders「在中国做程序员很累、很难应该怎么坚持下去（类似这样的描述，细节记不清楚了）」的问题。&lt;/p&gt;

&lt;p&gt;Anders 几乎毫不犹豫的说出了「Passion」这个单词。我瞬间就被打动了。因为在此之前我对于「激情」这个词的认识还停留在成功人士的演讲说辞层面，当 Anders 亲口说出 Passion 一词的时候，让人感觉真的是一字千金。&lt;/p&gt;

&lt;p&gt;直到现在 Anders 还做为 TypeScript 的核心贡献者为它提交代码，到处奔走为 TypeScript 宣传。&lt;/p&gt;

&lt;p&gt;我们再回到前端，那么未来的前端到底会发展成什么样？长期而言充满了未知数，谁也没法预测，但是短期来讲我比较关注几个东西：&lt;/p&gt;

&lt;ul&gt;
&lt;li&gt;&lt;strong&gt;ESBuild&lt;/strong&gt; ：一个极快的 JavaScript bundler。这个工具可以说是真正的「Game changer」。同样是一个打包任务，它快到让你没反应过来就完成任务了。ESBuild 使用 Go 语言编写，实现了整套 &lt;strong&gt;并行的&lt;/strong&gt; ES 解析器、代码生成器，作者是 Figma 的 CTO（是的国外的 CTO 是要写代码的）。最近更新很频繁，Vue 新的构建工具也会基于它来做 TS 部分的打包功能。&lt;/li&gt;
&lt;li&gt;&lt;strong&gt;Deno&lt;/strong&gt; ：一个安全的 JavaScript &amp;amp; TypeScript 运行时。Deno 的方向充满了可能性，未来 deno 不仅仅可以做 JS 后端，还能和 Rust 打通，给JS注入一些原生 native 的能力，然后 Webasmbly, webGL 之类的技术都变成了可能，1.0 正式版发布日期也快到了。&lt;/li&gt;
&lt;li&gt;&lt;strong&gt;Figma&lt;/strong&gt;：一个在线版的 Sketch，虽然功能还没有 Sketch 强大，但是已经有了设计界面的基本能力。关键还在于它的整个实现都是基于 web 技术，底层 C++ 实现图形的渲染、绘制，前端通过 Webasmbly 与浏览器 Canvas 交互，做到了让用户在浏览器端体验到了 Native 软件能力。像 AutoLayout 这种功能在用户体验上就是颠覆式的，使用的时候它很自然，没有什么存在感。但是用了就回不去了。&lt;/li&gt;
&lt;/ul&gt;

&lt;p&gt;如果你仔细研究一番，上面的这些新鲜东西，都是起源于前端，但又不把视野局限在前端。或许这就是前端未来的发展方向吧。&lt;/p&gt;

&lt;p&gt;这几项技术我们会在后期的更新中会有专门的干货文章，敬请期待~&lt;/p&gt;
</description>
    </item>
    
  </channel>
</rss>