<rss version="2.0" xmlns:atom="http://www.w3.org/2005/Atom">
  <channel>
    <title>macbook on 臨池不輟</title>
    <link>https://keelii.com/tags/macbook/</link>
    <description>Recent content in macbook on 臨池不輟</description>
    <generator>Hugo -- gohugo.io</generator>
    <language>zh-CN</language>
    <lastBuildDate>Tue, 04 Oct 2016 17:22:29 +0800</lastBuildDate>
    
        <atom:link href="https://keelii.com/tags/macbook/atom.xml" rel="self" type="application/rss+xml" />
    
    
    <item>
      <title>简单方法解决 Macbook 电源接口接触不良的问题</title>
      <link>https://keelii.com/2016/10/04/rebuild-mbp-power-cord/</link>
      <pubDate>Tue, 04 Oct 2016 17:22:29 +0800</pubDate>
      
      <guid>https://keelii.com/2016/10/04/rebuild-mbp-power-cord/</guid>
      <description>&lt;p&gt;Macbook 电源用的时候久了，接口里面的几个针脚弹性变差，有时候接通电源然而灯不能亮&lt;/p&gt;

&lt;p&gt;在网上搜索了下发现一个好方法：&lt;strong&gt;接电源那头是突出金属的，稍微打磨下去一点就可以了&lt;/strong&gt;，亲测有效&lt;/p&gt;

&lt;p&gt;PS: 如果没有打磨工具可以直接找个空地面磨，有条件的话磨完再用砂纸抛光下就可以了&lt;/p&gt;

&lt;p&gt;来两张图片看看&lt;/p&gt;

&lt;p&gt;&lt;img src=&#34;http://7i7iqa.com1.z0.glb.clouddn.com/note___1___2016-10-04_09-43-57___SRC_6094.jpg&#34; alt=&#34;mbp-power-cord1&#34; /&gt;
&lt;img src=&#34;http://7i7iqa.com1.z0.glb.clouddn.com/note___1___2016-10-04_09-43-53___1719964175.jpg&#34; alt=&#34;mbp-power-cord2&#34; /&gt;&lt;/p&gt;</description>
    </item>
    
  </channel>
</rss>