<rss version="2.0" xmlns:atom="http://www.w3.org/2005/Atom">
  <channel>
    <title>vim on 臨池不輟</title>
    <link>https://keelii.com/tags/vim/</link>
    <description>Recent content in vim on 臨池不輟</description>
    <generator>Hugo -- gohugo.io</generator>
    <language>zh-CN</language>
    <lastBuildDate>Sun, 12 Aug 2018 19:20:04 -0700</lastBuildDate>
    
        <atom:link href="https://keelii.com/tags/vim/atom.xml" rel="self" type="application/rss+xml" />
    
    
    <item>
      <title>Fuzzy finder(fzf&#43;vim) 使用全指南</title>
      <link>https://keelii.com/2018/08/12/fuzzy-finder-full-guide/</link>
      <pubDate>Sun, 12 Aug 2018 19:20:04 -0700</pubDate>
      
      <guid>https://keelii.com/2018/08/12/fuzzy-finder-full-guide/</guid>
      <description>

&lt;h2 id=&#34;简介&#34;&gt;简介&lt;/h2&gt;

&lt;p&gt;&lt;a href=&#34;https://github.com/junegunn/fzf&#34;&gt;Fuzzy finder&lt;/a&gt; 是一款使用 GO 语言编写的交互式的 Unix 命令行工具。可以用来查找任何 &lt;strong&gt;列表&lt;/strong&gt; 内容，文件、Git 分支、进程等。所有的命令行工具可以生成列表输出的都可以再通过管道 pipe 到 fzf 上进行搜索和查找&lt;/p&gt;

&lt;h2 id=&#34;优点&#34;&gt;优点&lt;/h2&gt;

&lt;ul&gt;
&lt;li&gt;GO 语言编写，编译完生成可执行文件没有任何依赖&lt;/li&gt;
&lt;li&gt;搜索/查找速度飞快&lt;/li&gt;
&lt;li&gt;功能全面/可视化界面体验很棒&lt;/li&gt;
&lt;li&gt;周边插件丰富 (vim, tmux, fuzzy auto-completion)&lt;/li&gt;
&lt;/ul&gt;

&lt;h2 id=&#34;安装&#34;&gt;安装&lt;/h2&gt;

&lt;p&gt;以 macOS 为例子，直接使用 homebrew 安装即可&lt;/p&gt;

&lt;pre&gt;&lt;code class=&#34;language-bash&#34;&gt;brew install fzf
# 如果要使用内置的快捷键绑定和命令行自动完成功能的话可以按需安装
$(brew --prefix)/opt/fzf/install
&lt;/code&gt;&lt;/pre&gt;

&lt;h2 id=&#34;使用&#34;&gt;使用&lt;/h2&gt;

&lt;p&gt;命令行下执行 &lt;code&gt;fzf&lt;/code&gt; 即可展示当前目录下所有文件列表，可以用键盘上下键或者鼠标点出来选择
&lt;a href=&#34;https://img10.360buyimg.com/devfe/jfs/t26002/277/432949068/59208/9725245b/5b6fc71fN03036763.png&#34;&gt;&lt;img src=&#34;https://img10.360buyimg.com/devfe/jfs/t26002/277/432949068/59208/9725245b/5b6fc71fN03036763.png&#34; alt=&#34;fzf-normal&#34; /&gt;&lt;/a&gt;&lt;/p&gt;

&lt;p&gt;或许你会觉得这个查找提示看起来挺漂亮的，但是并没有什么卵用，因为查找出来就没有然后了。其实这也是 Fuzzy finder 最核心的地方，他只是一个通用的下拉查找功能，自己本身并不关心你用它来做什么，通常我们需要组合使用才会有很好的效果&lt;/p&gt;

&lt;h3 id=&#34;用-vim-打开文件&#34;&gt;用 vim 打开文件&lt;/h3&gt;

&lt;p&gt;比如我们用 vim 组合 fzf 来查找并打开目录下的文件：&lt;/p&gt;

&lt;pre&gt;&lt;code class=&#34;language-bash&#34;&gt;vim $(fzf)
&lt;/code&gt;&lt;/pre&gt;

&lt;p&gt;&lt;img src=&#34;https://img30.360buyimg.com/devfe/jfs/t25372/5/461999989/83158/3ce44a5/5b6fc7f2Nd6432499.gif&#34; alt=&#34;fzf-vim&#34; /&gt;&lt;/p&gt;

&lt;h3 id=&#34;切换当前工作目录&#34;&gt;切换当前工作目录&lt;/h3&gt;

&lt;p&gt;再比如进入到某个文件夹下面，使用 fzf 的过滤选择真是太方便了&lt;/p&gt;

&lt;pre&gt;&lt;code class=&#34;language-bash&#34;&gt;cd $(find * -type d | fzf)
&lt;/code&gt;&lt;/pre&gt;

&lt;p&gt;这是个组合 (cd+find+fzf) 命令，完成切换到任意子目录的功能。可以看出来当 fzf 和其它命令组合使用时就能使得一些操作更方便：&lt;/p&gt;

&lt;ol&gt;
&lt;li&gt;使用 find 命令找出所有的子目录&lt;/li&gt;
&lt;li&gt;把子目录列表 pipe 到 fzf 上进行选择&lt;/li&gt;
&lt;li&gt;再把结果以子命令的形式传给 cd&lt;/li&gt;
&lt;/ol&gt;

&lt;p&gt;&lt;img src=&#34;https://img13.360buyimg.com/devfe/jfs/t23848/96/1951894215/50884/20a513d7/5b6fcabbNb77c46d5.gif&#34; alt=&#34;fzf-find-cd&#34; /&gt;&lt;/p&gt;

&lt;h3 id=&#34;切换-git-分支&#34;&gt;切换 git 分支&lt;/h3&gt;

&lt;pre&gt;&lt;code class=&#34;language-bash&#34;&gt;git checkout $(git branch -r | fzf)
&lt;/code&gt;&lt;/pre&gt;

&lt;p&gt;&lt;img src=&#34;https://img10.360buyimg.com/devfe/jfs/t23242/262/2000817850/127859/c0955478/5b6fce70N3c3573ae.gif&#34; alt=&#34;fzf-git-branch&#34; /&gt;&lt;/p&gt;

&lt;p&gt;不过这样组合使用命令的实在太长了，如果你不使用自动补全的话巧起来很累的。建议把常用的 alias 放在 .zshrc 中管理嘛&lt;/p&gt;

&lt;h3 id=&#34;shell-命令行补全&#34;&gt;shell 命令行补全&lt;/h3&gt;

&lt;p&gt;fzf 默认使用 &lt;code&gt;**&lt;/code&gt; 来补全 shell 命令，比起默认的 tab 补全，fzf 补全不知道高到哪里去了。cd, vim, kill, ssh, export&amp;hellip; 统统都能补全，好用哭了 🤣&lt;/p&gt;

&lt;p&gt;&lt;img src=&#34;https://img10.360buyimg.com/devfe/jfs/t24820/280/435378103/490486/3777afba/5b6fedc6N59529380.gif&#34; alt=&#34;fzf-completion&#34; /&gt;&lt;/p&gt;

&lt;h2 id=&#34;配置&#34;&gt;配置&lt;/h2&gt;

&lt;p&gt;fzf 提供了两个 &lt;em&gt;环境变量&lt;/em&gt; 配置参数，来分别设置默认的调用命令和 fzf 默认配置参数&lt;/p&gt;

&lt;h3 id=&#34;核心命令-fzf-default-command&#34;&gt;核心命令 FZF_DEFAULT_COMMAND&lt;/h3&gt;

&lt;p&gt;对于使用 fzf 来查找文件的情况，fzf 其实底层是调用的 Unix 系统 &lt;code&gt;find&lt;/code&gt; 命令，如果你觉得 find 不好用也可以使用其它查找文件的命令行工具「我使用 &lt;a href=&#34;https://github.com/sharkdp/fd&#34;&gt;fd&lt;/a&gt;」。注意：对原始命令添加一些参数应该在这个环境变量里面添加&lt;/p&gt;

&lt;p&gt;比如说我们一般都会查找文件 &lt;code&gt;-type f&lt;/code&gt;，通常会忽略一些文件夹/目录 &lt;code&gt;--exclude=...&lt;/code&gt;，下面是我的变量值：&lt;/p&gt;

&lt;pre&gt;&lt;code class=&#34;language-bash&#34;&gt;export FZF_DEFAULT_COMMAND=&amp;quot;fd --exclude={.git,.idea,.vscode,.sass-cache,node_modules,build} --type f&amp;quot;
&lt;/code&gt;&lt;/pre&gt;

&lt;h3 id=&#34;界面展示-fzf-default-opts&#34;&gt;界面展示 FZF_DEFAULT_OPTS&lt;/h3&gt;

&lt;p&gt;界面展示这些参数在 &lt;code&gt;fzf --help&lt;/code&gt; 中都有，按需配置即可&lt;/p&gt;

&lt;pre&gt;&lt;code class=&#34;language-bash&#34;&gt;export FZF_DEFAULT_OPTS=&amp;quot;--height 40% --layout=reverse --preview &#39;(highlight -O ansi {} || cat {}) 2&amp;gt; /dev/null | head -500&#39;&amp;quot;
&lt;/code&gt;&lt;/pre&gt;

&lt;p&gt;界面配置参数加上后就漂亮多了
&lt;a href=&#34;https://img11.360buyimg.com/devfe/jfs/t24178/228/1983729650/93496/412c5c52/5b6fd697N0d686b66.png&#34;&gt;&lt;img src=&#34;https://img11.360buyimg.com/devfe/jfs/t24178/228/1983729650/93496/412c5c52/5b6fd697N0d686b66.png&#34; alt=&#34;fzf-with-preview&#34; /&gt;&lt;/a&gt;&lt;/p&gt;

&lt;p&gt;&lt;code&gt;--preview&lt;/code&gt; 表示在右侧显示文件的预览界面，语法高亮的设置使用了 &lt;a href=&#34;http://www.andre-simon.de/doku/highlight/en/highlight.php&#34;&gt;highlight&lt;/a&gt; 如果 highlight 失败则使用最常见的 &lt;code&gt;cat&lt;/code&gt; 命令来查看文件内容&lt;/p&gt;

&lt;p&gt;highlight 安装可能会有个小插曲。highlight 需要手动编译安装，默认安装目录在 &lt;code&gt;/usr/bin&lt;/code&gt;, &lt;code&gt;/usr/share&lt;/code&gt; 下面。然而在 macOS 中由于 &lt;abbr title=&#34;System Integrity Protection&#34;&gt;SIP&lt;/abbr&gt; 保护，用户安装的程序不能在这几个目录下面「即使有 sudo 权限也不行」。我们可以手动更改下 highlight 源代码中 makefile 中的参数即可&lt;/p&gt;

&lt;pre&gt;&lt;code class=&#34;language-make&#34;&gt;# PREFIX = /usr
PREFIX = /usr/local
&lt;/code&gt;&lt;/pre&gt;

&lt;p&gt;将 &lt;code&gt;PREFIX = /usr&lt;/code&gt; 改成 &lt;code&gt;PREFIX = /usr/local&lt;/code&gt;，然后 &lt;code&gt;make&lt;/code&gt;，&lt;code&gt;sudo make install&lt;/code&gt; 就可以了&lt;/p&gt;

&lt;h3 id=&#34;触发命令行补全-fzf-completion-trigger&#34;&gt;触发命令行补全 FZF_COMPLETION_TRIGGER&lt;/h3&gt;

&lt;p&gt;默认是 &lt;code&gt;**&lt;/code&gt;，一般不用修改&lt;/p&gt;

&lt;h2 id=&#34;vim-fzf-插件&#34;&gt;VIM fzf 插件&lt;/h2&gt;

&lt;p&gt;如果你使用 vim，那么官方提供的插件会让你的 vim 使用更加流畅&lt;/p&gt;

&lt;h3 id=&#34;安装插件&#34;&gt;安装插件&lt;/h3&gt;

&lt;p&gt;如果你本地安装过 fzf 命令行工具了，只需要在 .vimrc 里面添加下面两个插件配置即可&lt;/p&gt;

&lt;pre&gt;&lt;code class=&#34;language-vim&#34;&gt;Plug &#39;/usr/local/opt/fzf&#39;
Plug &#39;junegunn/fzf.vim&#39;
&lt;/code&gt;&lt;/pre&gt;

&lt;p&gt;注意：使用了 &lt;a href=&#34;https://github.com/junegunn/vim-plug&#34;&gt;vim-plug&lt;/a&gt; 插件管理&lt;/p&gt;

&lt;p&gt;插件主要对 fzf 集成绑定了一些和 vim 相关的功能，比如：查找当前 Buffer、Tag、Marks。甚至切换 window 更换 vim 主题配色等&lt;/p&gt;

&lt;p&gt;命令模式下敲 &lt;code&gt;Files&lt;/code&gt; 即可选择当前目录下所有文件，&lt;code&gt;Buffers&lt;/code&gt; 可以过滤当前所有 vim buffer 内容&lt;/p&gt;

&lt;p&gt;&lt;img src=&#34;https://img10.360buyimg.com/devfe/jfs/t25240/349/434572567/558564/433c151a/5b6fdfadNfd6ea407.gif&#34; alt=&#34;fzf-vim-plugin&#34; /&gt;&lt;/p&gt;

&lt;p&gt;再配置几个常用快捷键就可以直接取代 CtrlP 插件了 🤔&lt;/p&gt;

&lt;ul&gt;
&lt;li&gt;Ctrl + p 查看文件列表&lt;/li&gt;
&lt;li&gt;Ctrl + e 查看当前 Buffer，两次 Ctrl + e 快速切换上次打开的 Buffer&lt;/li&gt;
&lt;/ul&gt;

&lt;pre&gt;&lt;code class=&#34;language-vim&#34;&gt;nmap &amp;lt;C-p&amp;gt; :Files&amp;lt;CR&amp;gt;
nmap &amp;lt;C-e&amp;gt; :Buffers&amp;lt;CR&amp;gt;
let g:fzf_action = { &#39;ctrl-e&#39;: &#39;edit&#39; }
&lt;/code&gt;&lt;/pre&gt;

&lt;h2 id=&#34;结语&#34;&gt;结语&lt;/h2&gt;

&lt;p&gt;当然 fzf 还可以在很多其它场景下用来。如果你想使用可视化的列表选择而不是咣咣敲命令，那就自己搭配一些组合来使用吧&lt;/p&gt;
</description>
    </item>
    
    <item>
      <title>Windows 下使用 MinGW 编译安装 (g)vim 添加 lua 等编程语言支持</title>
      <link>https://keelii.com/2016/06/14/compile-vim-on-windows-with-lua-support/</link>
      <pubDate>Tue, 14 Jun 2016 10:39:40 +0800</pubDate>
      
      <guid>https://keelii.com/2016/06/14/compile-vim-on-windows-with-lua-support/</guid>
      <description>&lt;p&gt;vim 一些插件需要其它编程语言支持，比如 neocomplete 自动补全插件需要 lua
官方下载的 vim 版本是不带这种第三方语言支持的，得自己手动编译一个支持的版本。但是 Windows 下编译源代码需要选择一个 GUN 工具集，比较流行的有 Cygwin, MinGW。主要是为了使用一些编译源码的工具，比如 gcc, make等&lt;/p&gt;

&lt;p&gt;需要下载的链接都在这里了：&lt;/p&gt;

&lt;ul&gt;
&lt;li&gt;&lt;a href=&#34;https://nuwen.net/files/mingw/mingw-14.0.exe&#34;&gt;MinGW-14.0(Distro)&lt;/a&gt;&lt;/li&gt;
&lt;li&gt;&lt;a href=&#34;http://tenet.dl.sourceforge.net/project/luabinaries/5.2.4/Tools%20Executables/lua-5.2.4_Win64_bin.zip&#34;&gt;lua-5.2.4_Win64_bin&lt;/a&gt;&lt;/li&gt;
&lt;li&gt;&lt;a href=&#34;http://tenet.dl.sourceforge.net/project/luabinaries/5.2.4/Windows%20Libraries/Dynamic/lua-5.2.4_Win64_dllw4_lib.zip&#34;&gt;lua-5.2.4_Win64_dllw4_lib&lt;/a&gt;&lt;/li&gt;
&lt;li&gt;&lt;a href=&#34;https://github.com/vim/vim&#34;&gt;Vim&lt;/a&gt;&lt;/li&gt;
&lt;/ul&gt;

&lt;p&gt;我自己的电脑环境配置是：&lt;strong&gt;Windows 7 SP1 64bit 企业版&lt;/strong&gt;&lt;/p&gt;

&lt;h2 id=&#34;mingw&#34;&gt;MinGW&lt;/h2&gt;

&lt;p&gt;官方的 MinGW 安装了需要自己手动选择工具再安装到系统，有个简单的办法，直接使用上页的链接下载打好包的 Distro 版本，下载完就解压到任意目录即可，我放在了 C:\MinGW&lt;/p&gt;

&lt;h2 id=&#34;lua&#34;&gt;Lua&lt;/h2&gt;

&lt;p&gt;下载上面链接中 Windows 64bit 中的编译好的二进制文件 和 库文件，放在一个目录，比如我放在 C:\lua, 如图：&lt;/p&gt;

&lt;p&gt;&lt;img src=&#34;https://cloud.githubusercontent.com/assets/458894/16029645/de798c1c-321c-11e6-8ad5-39b852159e0e.png&#34; alt=&#34;lua dir&#34; /&gt;&lt;/p&gt;

&lt;h2 id=&#34;vim&#34;&gt;Vim&lt;/h2&gt;

&lt;p&gt;去 vim 官方 github 仓库下载最新源代码，解压到任意目录。进入源码 src 目录，打开 os_mswin.c 注释掉下面的代码，这样 vim 就可以支持非等宽字体了&lt;/p&gt;

&lt;pre&gt;&lt;code class=&#34;language-c&#34;&gt;#ifndef FEAT_PROPORTIONAL_FONTS
    /* Ignore non-monospace fonts without further ado */
    /*
    * hzmangel: I need non-monospace fonts!
    if ((ntm-&amp;gt;tmPitchAndFamily &amp;amp; 1) != 0)
    return 1;
    */
#endif
&lt;/code&gt;&lt;/pre&gt;

&lt;h2 id=&#34;编译源文件&#34;&gt;编译源文件&lt;/h2&gt;

&lt;p&gt;打开 MinGW 命令窗口 (&lt;strong&gt;C:\MinGW\open_distro_window.bat&lt;/strong&gt;)，cd 到 vim 源代码的 src 目录，执行以下命令：&lt;/p&gt;

&lt;pre&gt;&lt;code class=&#34;language-bash&#34;&gt;make -f Make_ming.mak GUI=yes FEATURES=HUGE MBYTE=yes IME=yes GIME=yes DYNAMIC_IME=yes OLE=yes PYTHON=&amp;quot;C:\Python27&amp;quot; DYNAMIC_PYTHON=yes PYTHON_VER=27 CSCOPE=yes DEBUG=no LUA=&amp;quot;C:\Lua&amp;quot; DYNAMIC_LUA=yes LUA_VER=52 USERNAME=keelii USERDOMAIN=keeliizhou@gmail.com ARCH=x86-64 gvim.exe
&lt;/code&gt;&lt;/pre&gt;

&lt;p&gt;注意：我系统之前安装过 python27 到 C 盘，你可以根据自己的情况选择。关于 lua 的两个参数要写对：lua 安装目录 &lt;strong&gt;LUA=&amp;ldquo;C:\Lua&amp;rdquo;&lt;/strong&gt; 和 lua 版本 &lt;strong&gt;LUA_VER=52&lt;/strong&gt;，其它编译语言也大同小异&lt;/p&gt;

&lt;p&gt;如果编译成功的话不会有错误提示，并在当前目录生成 gvim.exe, 这个 exe 就是我们需要的带有 lua 支持的 vim 可执行文件，把这个文件和 &lt;strong&gt;C:\lua\lua.dll&lt;/strong&gt; 复制到你的 vim runtime文件夹，这时候就可以把 runtime 重命名一个放到其它你想要的目录，点击 gvim.exe 就可以了&lt;/p&gt;

&lt;p&gt;第一次执行 vim 需要先注册一下，出现弹窗口点确定就行了。&lt;/p&gt;

&lt;p&gt;进入命令模式，输出 echo has(&amp;lsquo;lua&amp;rsquo;) 来验证下是否已开启 lua 支持，如果显示 1 就说明 OK 了&lt;/p&gt;

&lt;p&gt;&lt;img src=&#34;https://cloud.githubusercontent.com/assets/458894/16029743/d6340b12-321d-11e6-8eec-e7d13156d12a.png&#34; alt=&#34;echo has lua&#34; /&gt;&lt;/p&gt;

&lt;p&gt;&lt;img src=&#34;https://cloud.githubusercontent.com/assets/458894/16029744/d666cd68-321d-11e6-95a0-0ac09dffef1a.png&#34; alt=&#34;has lua support&#34; /&gt;&lt;/p&gt;

&lt;h2 id=&#34;编译问题更新&#34;&gt;编译问题更新&lt;/h2&gt;

&lt;p&gt;发现编译完直接使用会有 「找不到 VIMRUN.EXE」提示，解决方法：从官方安装版的 vim 根目录把 vimrun.exe 复制到你的 runtime 文件夹下即可&lt;/p&gt;

&lt;p&gt;知友 @fantiq 反馈某些情况下会报下面的错误，原因可能是 MinGW 下的 mkdir 命令有问题，无法创建目录，手动执行&lt;code&gt;mkdir gobjx86-64&lt;/code&gt; 就可以解决了&lt;/p&gt;

&lt;pre&gt;&lt;code class=&#34;language-bash&#34;&gt;mkdir -p gobjx86-64
process_begin: CreateProcess(NULL, mkdir -p gobjx86-64, ...) failed.
make (e=2): 系统找不到指定的文件。
make: *** [Make_cyg_ming.mak:860: gobjx86-64] Error 2
&lt;/code&gt;&lt;/pre&gt;</description>
    </item>
    
    <item>
      <title>可能是 Windows 下最漂亮的 Gvim 配置了</title>
      <link>https://keelii.com/2016/06/13/awsome-window-vimrc/</link>
      <pubDate>Mon, 13 Jun 2016 21:25:57 +0800</pubDate>
      
      <guid>https://keelii.com/2016/06/13/awsome-window-vimrc/</guid>
      <description>&lt;p&gt;一直以来被称为编辑器之神的 vim 在 Windows 下很难发挥其强大的功能，本文从实用的角度阐述如何调校出一个比较好用的 vim&lt;/p&gt;

&lt;p&gt;不过仍然要说明下，在众多 vim 构建版本中 Mac OS 平台的 MacVim 是我认为最好用的一个版本。由于自己公司主力用 Windows，又因笔者是一枚对编辑器颜值体验有要求的前端工程师， 所以才有了下文 ^!^&lt;/p&gt;

&lt;p&gt;先说明下开发环境：&lt;/p&gt;

&lt;ul&gt;
&lt;li&gt;ThinkPad T450 (公司标配)&lt;/li&gt;
&lt;li&gt;Windows 7 SP1 64bit 企业版&lt;/li&gt;
&lt;li&gt;编程语言 JavasSript, HTML, CSS, NodeJS, Python&lt;/li&gt;
&lt;/ul&gt;

&lt;h2 id=&#34;前言&#34;&gt;前言&lt;/h2&gt;

&lt;p&gt;本文旨在配置和使用 vim，并不适合太初级的 vim 用户，本文作者也不是 vim 死忠粉，经常混用 Webstrom 和 vim&lt;/p&gt;

&lt;h2 id=&#34;开始&#34;&gt;开始&lt;/h2&gt;

&lt;p&gt;开始之前我们先看一眼 Windows 上安装 Gvim 的默认界面，我们将从这里开始一步步的学习和配置&lt;/p&gt;

&lt;p&gt;&lt;a href=&#34;https://cloud.githubusercontent.com/assets/458894/16011259/36c5df9e-31b7-11e6-8db5-ad09584ed39b.png&#34;&gt;&lt;img src=&#34;https://cloud.githubusercontent.com/assets/458894/16011259/36c5df9e-31b7-11e6-8db5-ad09584ed39b.png&#34; alt=&#34;gvim-default&#34; /&gt;&lt;/a&gt;&lt;/p&gt;

&lt;h2 id=&#34;配置-vimrc&#34;&gt;配置 _vimrc&lt;/h2&gt;

&lt;p&gt;由于 vimrc 里面会有很多的配置项，为了避免混乱，我大概按自己的使用习惯分成了几个小组：&lt;/p&gt;

&lt;ul&gt;
&lt;li&gt;Startup         - 编辑器启动时需要添加的一些配置&lt;/li&gt;
&lt;li&gt;General         - 通用配置&lt;/li&gt;
&lt;li&gt;Lang &amp;amp; Encoding - 语言和编码&lt;/li&gt;
&lt;li&gt;GUI             - 界面&lt;/li&gt;
&lt;li&gt;Format          - 基本的代码格式&lt;/li&gt;
&lt;li&gt;Keymap          - 通用的快捷键&lt;/li&gt;
&lt;li&gt;Plugin          - 插件相关（包括和当前插件相关的配置和快捷键等）&lt;/li&gt;
&lt;li&gt;Function        - vimrc 里面用到的常用方法&lt;/li&gt;
&lt;/ul&gt;

&lt;h3 id=&#34;startup&#34;&gt;Startup&lt;/h3&gt;

&lt;pre&gt;&lt;code class=&#34;language-vim&#34;&gt;&amp;quot; Startup {{{
filetype indent plugin on


&amp;quot; vim 文件折叠方式为 marker
augroup ft_vim
    au!

    au FileType vim setlocal foldmethod=marker
augroup END
&amp;quot; }}}
&lt;/code&gt;&lt;/pre&gt;

&lt;p&gt;设置 vim 相关文件打开后默认折叠方式为 marker，约定俗成的用三个花括号注释包裹起来，这样在你打开配置文件的时候 vim 就会帮你折叠起来，配置文件看起来就简洁多了，如图:&lt;/p&gt;

&lt;p&gt;&lt;a href=&#34;https://cloud.githubusercontent.com/assets/458894/16011261/372e3f3a-31b7-11e6-8e3f-16a8aa9c4fe2.png&#34;&gt;&lt;img src=&#34;https://cloud.githubusercontent.com/assets/458894/16011261/372e3f3a-31b7-11e6-8e3f-16a8aa9c4fe2.png&#34; alt=&#34;vim-fold-config&#34; /&gt;&lt;/a&gt;&lt;/p&gt;

&lt;h3 id=&#34;general&#34;&gt;General&lt;/h3&gt;

&lt;pre&gt;&lt;code class=&#34;language-vim&#34;&gt;&amp;quot; General {{{
set nocompatible
set nobackup
set noswapfile
set history=1024
set autochdir
set whichwrap=b,s,&amp;lt;,&amp;gt;,[,]
set nobomb
set backspace=indent,eol,start whichwrap+=&amp;lt;,&amp;gt;,[,]
&amp;quot; Vim 的默认寄存器和系统剪贴板共享
set clipboard+=unnamed
&amp;quot; 设置 alt 键不映射到菜单栏
set winaltkeys=no
&amp;quot; }}}
&lt;/code&gt;&lt;/pre&gt;

&lt;p&gt;基本上一眼就能看出来这是些啥玩意，不过后面两项目我个人感觉比较好用：&lt;/p&gt;

&lt;p&gt;clipboard+=unnamed 比如你在其它地方 copy 了一段文字回到 vim 里面可以粘贴进来&lt;/p&gt;

&lt;p&gt;winaltkeys=no 一般 windows 下应用程序的 alt 是用来定位菜单栏目的快捷键，我们需要禁用它，因为我们后面很多设置都需要使用 alt，需要使用 alt 来定位菜单的情况很少&lt;/p&gt;

&lt;h3 id=&#34;lang-encoding&#34;&gt;Lang &amp;amp; Encoding&lt;/h3&gt;

&lt;pre&gt;&lt;code class=&#34;language-vim&#34;&gt;&amp;quot; Lang &amp;amp; Encoding {{{
set fileencodings=utf-8,gbk2312,gbk,gb18030,cp936
set encoding=utf-8
set langmenu=zh_CN
let $LANG = &#39;en_US.UTF-8&#39;
&amp;quot;language messages zh_CN.UTF-8
&amp;quot; }}}
&lt;/code&gt;&lt;/pre&gt;

&lt;p&gt;vim 里面设置编码的地方很多，上面这些配置可以保证不会出现乱码，像文件菜单、vim默认语言建议设置成 en_US&lt;/p&gt;

&lt;h3 id=&#34;gui&#34;&gt;GUI&lt;/h3&gt;

&lt;pre&gt;&lt;code class=&#34;language-vim&#34;&gt;&amp;quot; GUI {{{
colorscheme Tomorrow-Night

source $VIMRUNTIME/delmenu.vim
source $VIMRUNTIME/menu.vim
set cursorline
set hlsearch
set number
&amp;quot; 窗口大小
set lines=35 columns=140
&amp;quot; 分割出来的窗口位于当前窗口下边/右边
set splitbelow
set splitright
&amp;quot;不显示工具/菜单栏
set guioptions-=T
set guioptions-=m
set guioptions-=L
set guioptions-=r
set guioptions-=b
&amp;quot; 使用内置 tab 样式而不是 gui
set guioptions-=e
set nolist
&amp;quot; set listchars=tab:▶\ ,eol:¬,trail:·,extends:&amp;gt;,precedes:&amp;lt;
set guifont=Inconsolata:h12:cANSI
&amp;quot; }}}
&lt;/code&gt;&lt;/pre&gt;

&lt;p&gt;编辑器配色建议使用 Tomorrow-Night，下载文件 copy 到 colors 目录即可&lt;/p&gt;

&lt;p&gt;从上面的设置可以看出来，为了得到一个简洁漂亮的界面，我们去掉了菜单栏、各种滚动条、使用 vim 内置 tab 而不是 gvim 系统的 tab 样式，注意很多开发者喜欢显示不可见字符，比如：tab 制表符、换行符号、尾空格等。&lt;/p&gt;

&lt;p&gt;我自己并不喜欢这样，因为这样只会使界面看起来更零乱，尤其是某插件纵向标尺&lt;/p&gt;

&lt;p&gt;字体方面个人推荐 Inconsolata 这个在我看来是 Windows 平台最漂亮的等宽字体了&lt;/p&gt;

&lt;p&gt;此时你的编辑器应该好看了很多：&lt;/p&gt;

&lt;p&gt;&lt;a href=&#34;https://cloud.githubusercontent.com/assets/458894/16011263/373facd4-31b7-11e6-8311-9b0c09d2425f.png&#34;&gt;&lt;img src=&#34;https://cloud.githubusercontent.com/assets/458894/16011263/373facd4-31b7-11e6-8311-9b0c09d2425f.png&#34; alt=&#34;more-beauty-vim&#34; /&gt;&lt;/a&gt;&lt;/p&gt;

&lt;h3 id=&#34;format&#34;&gt;Format&lt;/h3&gt;

&lt;pre&gt;&lt;code class=&#34;language-vim&#34;&gt;&amp;quot; Format {{{
set autoindent
set smartindent
set tabstop=4
set expandtab
set softtabstop=4
set foldmethod=indent
syntax on
&amp;quot; }}}
&lt;/code&gt;&lt;/pre&gt;

&lt;p&gt;这个设置容易引起争议，我自己是这么个设置，大家按个人喜好就行了，反正我是不建议使用 tab 的，对代码格式有强迫症的人一般都会设置 foldmethod=indent&lt;/p&gt;

&lt;h3 id=&#34;keymap&#34;&gt;Keymap&lt;/h3&gt;

&lt;p&gt;可以说快捷键是每个编辑器必备的功能，科学的设置快捷键能很大程度的提高效率。快捷键的设置要遵循一个规则：尽量不要修改系统默认配置的快捷键，非要设置的话选择好相应的模式&lt;/p&gt;

&lt;pre&gt;&lt;code class=&#34;language-vim&#34;&gt;&amp;quot; Keymap {{{
let mapleader=&amp;quot;,&amp;quot;

nmap &amp;lt;leader&amp;gt;s :source $VIM/_vimrc&amp;lt;cr&amp;gt;
nmap &amp;lt;leader&amp;gt;e :e $VIM/_vimrc&amp;lt;cr&amp;gt;

map &amp;lt;leader&amp;gt;tn :tabnew&amp;lt;cr&amp;gt;
map &amp;lt;leader&amp;gt;tc :tabclose&amp;lt;cr&amp;gt;
map &amp;lt;leader&amp;gt;th :tabp&amp;lt;cr&amp;gt;
map &amp;lt;leader&amp;gt;tl :tabn&amp;lt;cr&amp;gt;

&amp;quot; 移动分割窗口
nmap &amp;lt;C-j&amp;gt; &amp;lt;C-W&amp;gt;j
nmap &amp;lt;C-k&amp;gt; &amp;lt;C-W&amp;gt;k
nmap &amp;lt;C-h&amp;gt; &amp;lt;C-W&amp;gt;h
nmap &amp;lt;C-l&amp;gt; &amp;lt;C-W&amp;gt;l

&amp;quot; 正常模式下 alt+j,k,h,l 调整分割窗口大小
nnoremap &amp;lt;M-j&amp;gt; :resize +5&amp;lt;cr&amp;gt;
nnoremap &amp;lt;M-k&amp;gt; :resize -5&amp;lt;cr&amp;gt;
nnoremap &amp;lt;M-h&amp;gt; :vertical resize -5&amp;lt;cr&amp;gt;
nnoremap &amp;lt;M-l&amp;gt; :vertical resize +5&amp;lt;cr&amp;gt;

&amp;quot; 插入模式移动光标 alt + 方向键
inoremap &amp;lt;M-j&amp;gt; &amp;lt;Down&amp;gt;
inoremap &amp;lt;M-k&amp;gt; &amp;lt;Up&amp;gt;
inoremap &amp;lt;M-h&amp;gt; &amp;lt;left&amp;gt;
inoremap &amp;lt;M-l&amp;gt; &amp;lt;Right&amp;gt;

&amp;quot; IDE like delete
inoremap &amp;lt;C-BS&amp;gt; &amp;lt;Esc&amp;gt;bdei

nnoremap vv ^vg_
&amp;quot; 转换当前行为大写
inoremap &amp;lt;C-u&amp;gt; &amp;lt;esc&amp;gt;mzgUiw`za
&amp;quot; 命令模式下的行首尾
cnoremap &amp;lt;C-a&amp;gt; &amp;lt;home&amp;gt;
cnoremap &amp;lt;C-e&amp;gt; &amp;lt;end&amp;gt;

nnoremap &amp;lt;F2&amp;gt; :setlocal number!&amp;lt;cr&amp;gt;
nnoremap &amp;lt;leader&amp;gt;w :set wrap!&amp;lt;cr&amp;gt;

imap &amp;lt;C-v&amp;gt; &amp;quot;+gP
vmap &amp;lt;C-c&amp;gt; &amp;quot;+y
vnoremap &amp;lt;BS&amp;gt; d
vnoremap &amp;lt;C-C&amp;gt; &amp;quot;+y
vnoremap &amp;lt;C-Insert&amp;gt; &amp;quot;+y
imap &amp;lt;C-V&amp;gt;		&amp;quot;+gP
map &amp;lt;S-Insert&amp;gt;		&amp;quot;+gP
cmap &amp;lt;C-V&amp;gt;		&amp;lt;C-R&amp;gt;+
cmap &amp;lt;S-Insert&amp;gt;		&amp;lt;C-R&amp;gt;+

exe &#39;inoremap &amp;lt;script&amp;gt; &amp;lt;C-V&amp;gt;&#39; paste#paste_cmd[&#39;i&#39;]
exe &#39;vnoremap &amp;lt;script&amp;gt; &amp;lt;C-V&amp;gt;&#39; paste#paste_cmd[&#39;v&#39;]

&amp;quot; 打开当前目录 windows
map &amp;lt;leader&amp;gt;ex :!start explorer %:p:h&amp;lt;CR&amp;gt;

&amp;quot; 打开当前目录CMD
map &amp;lt;leader&amp;gt;cmd :!start&amp;lt;cr&amp;gt;
&amp;quot; 打印当前时间
map &amp;lt;F3&amp;gt; a&amp;lt;C-R&amp;gt;=strftime(&amp;quot;%Y-%m-%d %a %I:%M %p&amp;quot;)&amp;lt;CR&amp;gt;&amp;lt;Esc&amp;gt;

&amp;quot; 复制当前文件/路径到剪贴板
nmap ,fn :let @*=substitute(expand(&amp;quot;%&amp;quot;), &amp;quot;/&amp;quot;, &amp;quot;\\&amp;quot;, &amp;quot;g&amp;quot;)&amp;lt;CR&amp;gt;
nmap ,fp :let @*=substitute(expand(&amp;quot;%:p&amp;quot;), &amp;quot;/&amp;quot;, &amp;quot;\\&amp;quot;, &amp;quot;g&amp;quot;)&amp;lt;CR&amp;gt;

&amp;quot; 设置切换Buffer快捷键&amp;quot;
nnoremap &amp;lt;C-left&amp;gt; :bn&amp;lt;CR&amp;gt;
nnoremap &amp;lt;C-right&amp;gt; :bp&amp;lt;CR&amp;gt;

&amp;quot; }}}
&lt;/code&gt;&lt;/pre&gt;

&lt;p&gt;首页我们设置了 leaderkey 为逗号「,」，不要问为什么约定的就是它。别设置成空格就行了&lt;/p&gt;

&lt;p&gt;注意「,e」和「,s」分别用编辑配置文件，刷新配置文件，后面的路径要按你自己的情况去写，我默认使用了 vim 安装目录里面的 vimrc&lt;/p&gt;

&lt;p&gt;分屏编辑操作的时候经常要在不同的屏之间跳来跳去 「Ctrl + vim方向」设置跳转方便顺滑的切换，顺便说下我个人的习惯是在当前tab下编辑一个项目的文件，如果要临时维护其它项目就新开tab，每个tab单独编辑一个项目文件&lt;/p&gt;

&lt;p&gt;后面还设置了一些和 Windows 默认编辑操作兼容的快捷键，比如：复制，粘贴&lt;/p&gt;

&lt;p&gt;注意有个细节，因为 vim 里面多行操作快捷键是 Ctrl + v 和 windows 粘贴冲突了，一个机智的做法是仅仅在 vim 插件模式设置 Ctrl 为粘贴，正常模式 Ctril + v 进入多选模式，两全其美&lt;/p&gt;

&lt;p&gt;插入模式下要移动光标 还得 ESC 一下进入插入模式，这样太麻烦了，使用 「alt + vim方向」就简单多了&lt;/p&gt;

&lt;h3 id=&#34;plugin&#34;&gt;Plugin&lt;/h3&gt;

&lt;p&gt;插件方面根据我自己的工作内容和个人喜好，选择了以下几个，全部使用 vundle 来管理：&lt;/p&gt;

&lt;ul&gt;
&lt;li&gt;NERDTree&lt;/li&gt;
&lt;li&gt;Vim-multiple-cursors&lt;/li&gt;
&lt;li&gt;Tabular&lt;/li&gt;
&lt;li&gt;Airline&lt;/li&gt;
&lt;li&gt;Ctrlp&lt;/li&gt;
&lt;li&gt;NERDCommenter&lt;/li&gt;
&lt;li&gt;Emmet&lt;/li&gt;
&lt;li&gt;SnipMate&lt;/li&gt;
&lt;li&gt;Fugitive&lt;/li&gt;
&lt;li&gt;Neocomplete&lt;/li&gt;
&lt;/ul&gt;

&lt;p&gt;具体配置我就不帖代码了，可以上git上参观，下面大概解释下每个插件的用途&lt;/p&gt;

&lt;h4 id=&#34;nerdtree&#34;&gt;NERDTree&lt;/h4&gt;

&lt;p&gt;文件目录树管理，我一般设置成打开 vim 就启动&lt;/p&gt;

&lt;pre&gt;&lt;code class=&#34;language-vim&#34;&gt;if exists(&#39;g:NERDTreeWinPos&#39;)
    autocmd vimenter * NERDTree D:\repo
endif
&lt;/code&gt;&lt;/pre&gt;

&lt;h4 id=&#34;vim-multiple-cursors&#34;&gt;Vim-multiple-cursors&lt;/h4&gt;

&lt;p&gt;类似 sublime 多选，进入 visual 模式选择文本 &lt;code&gt;Ctrl+shif+n&lt;/code&gt; 即可一直选择下一个匹配文本&lt;/p&gt;

&lt;p&gt;&lt;img src=&#34;https://cloud.githubusercontent.com/assets/458894/16074299/684f368a-331c-11e6-86f0-d2a860d6416a.gif&#34; alt=&#34;mul-cur&#34; /&gt;&lt;/p&gt;

&lt;h4 id=&#34;tabular&#34;&gt;Tabular&lt;/h4&gt;

&lt;p&gt;对齐插件，文章末尾 gif 图里面有展示，visual 模式下选择要对齐的多行文本，进入命令模式 &lt;code&gt;:Tabularize /对齐符号&amp;lt;cr&amp;gt;&lt;/code&gt;&lt;/p&gt;

&lt;h4 id=&#34;airline&#34;&gt;Airline&lt;/h4&gt;

&lt;p&gt;状态栏美化插件，准备弃用了&lt;/p&gt;

&lt;h4 id=&#34;ctrlp&#34;&gt;Ctrlp&lt;/h4&gt;

&lt;p&gt;类似IDE里面的最近打开的文件，用于快速定位文件/Buffer&lt;/p&gt;

&lt;h4 id=&#34;nerdcommenter&#34;&gt;NERDCommenter&lt;/h4&gt;

&lt;p&gt;注释插件，默认是快捷键是 &amp;lt;leader&amp;gt; c &amp;lt;SPACE&amp;gt;&lt;/p&gt;

&lt;h4 id=&#34;emmet&#34;&gt;Emmet&lt;/h4&gt;

&lt;p&gt;用来快速写 HTML&lt;/p&gt;

&lt;p&gt;&lt;img src=&#34;https://cloud.githubusercontent.com/assets/458894/16074297/684c9196-331c-11e6-95de-56951d43c5b2.gif&#34; alt=&#34;emmet&#34; /&gt;&lt;/p&gt;

&lt;h4 id=&#34;snipmate&#34;&gt;SnipMate&lt;/h4&gt;

&lt;p&gt;代码片段管理, 这个插件很早之前的那个版本不维护了，现在最新版的非常强大，不过有另外两个依赖，默认是没有任何内置的 snippet 的，如果需要样版，可以安装 &lt;a href=&#34;https://github.com/honza/vim-snippets&#34;&gt;这个插件&lt;/a&gt; 需要自定义的话手动更改 snippets 目录下的文件即可（其实就是个git仓库，你可以换成自己的）&lt;/p&gt;

&lt;p&gt;&lt;img src=&#34;https://cloud.githubusercontent.com/assets/458894/16074298/684d7cd2-331c-11e6-8c61-83dabbc4849e.gif&#34; alt=&#34;snipmate&#34; /&gt;&lt;/p&gt;

&lt;h4 id=&#34;fugitive&#34;&gt;Fugitive&lt;/h4&gt;

&lt;p&gt;Git 命令增强工具，在 vim 使用 git，状态栏的分类名称就是调用的这个插件的方法 &lt;code&gt;fugitive#head()&lt;/code&gt;&lt;/p&gt;

&lt;h4 id=&#34;neocomplete&#34;&gt;Neocomplete&lt;/h4&gt;

&lt;p&gt;自动补全插件，这个代码实例插件是需要 lua 支持的，可能你需要手动编译一个带 lua 支持版本的 gvim，&lt;a href=&#34;https://keelii.com/2016/06/14/compile-vim-on-windows-with-lua-support/&#34;&gt;下篇文章&lt;/a&gt; 我将记录下自己在 Windows 上编译安装的过程&lt;/p&gt;

&lt;p&gt;什么？你说为啥不装 YouCompleteMe，官方作者都不支持的插件就别折腾了吧，Neocomplete 这个实例插件对于我的情况来说已经够用了&lt;/p&gt;

&lt;h3 id=&#34;function&#34;&gt;Function&lt;/h3&gt;

&lt;p&gt;常用方法这里我只有一个，移除尾空格&lt;/p&gt;

&lt;pre&gt;&lt;code class=&#34;language-vim&#34;&gt;&amp;quot; Function {{{
&amp;quot; Remove trailing whitespace when writing a buffer, but not for diff files.
&amp;quot; From: Vigil
&amp;quot; @see http://blog.bs2.to/post/EdwardLee/17961
function! RemoveTrailingWhitespace()
    if &amp;amp;ft != &amp;quot;diff&amp;quot;
        let b:curcol = col(&amp;quot;.&amp;quot;)
        let b:curline = line(&amp;quot;.&amp;quot;)
        silent! %s/\s\+$//
        silent! %s/\(\s*\n\)\+\%$//
        call cursor(b:curline, b:curcol)
    endif
endfunction
autocmd BufWritePre * call RemoveTrailingWhitespace()
&amp;quot; }}}
&lt;/code&gt;&lt;/pre&gt;

&lt;p&gt;No picture U say a &amp;hellip; ?&lt;/p&gt;

&lt;p&gt;&lt;a href=&#34;https://cloud.githubusercontent.com/assets/458894/16011262/373cd644-31b7-11e6-8a62-f03f32cf5167.png&#34;&gt;&lt;img src=&#34;https://cloud.githubusercontent.com/assets/458894/16011262/373cd644-31b7-11e6-8a62-f03f32cf5167.png&#34; alt=&#34;complete-vimrc&#34; /&gt;&lt;/a&gt;&lt;/p&gt;

&lt;p&gt;这个是动图，不动戳大&lt;/p&gt;

&lt;p&gt;&lt;a href=&#34;https://cloud.githubusercontent.com/assets/458894/16011260/372e0722-31b7-11e6-887a-226747eec42f.gif&#34;&gt;&lt;img src=&#34;https://cloud.githubusercontent.com/assets/458894/16011260/372e0722-31b7-11e6-887a-226747eec42f.gif&#34; alt=&#34;gif-show-vim&#34; /&gt;&lt;/a&gt;&lt;/p&gt;

&lt;h2 id=&#34;结语&#34;&gt;结语&lt;/h2&gt;

&lt;p&gt;还有一点没说明，vimrc 里面的一些 windows 独有的设置我并没有加一些判断来兼容其它平台，这个是个人喜好而已，我会单独分开维护不同平台的配置文件，而不是全部放在一起各种逻辑判断&lt;/p&gt;

&lt;h2 id=&#34;引用&#34;&gt;引用&lt;/h2&gt;

&lt;p&gt;&lt;a href=&#34;https://gist.github.com/keelii/1aab5f9aa5b47afa651c7fc84b8e9875&#34;&gt;完整配置文件&lt;/a&gt;&lt;/p&gt;</description>
    </item>
    
    <item>
      <title>前端开发工具 - 编辑器篇</title>
      <link>https://keelii.com/2011/05/11/front-end-tooling-editor/</link>
      <pubDate>Wed, 11 May 2011 19:20:04 -0700</pubDate>
      
      <guid>https://keelii.com/2011/05/11/front-end-tooling-editor/</guid>
      <description>&lt;p&gt;公司分享会上自己总结的一些关于前端开发的工具应用知识&lt;/p&gt;

&lt;p&gt;&lt;iframe src=&#34;//www.slideshare.net/slideshow/embed_code/key/DKyOV72B1j38ro&#34; width=&#34;595&#34; height=&#34;485&#34; frameborder=&#34;0&#34; marginwidth=&#34;0&#34; marginheight=&#34;0&#34; scrolling=&#34;no&#34; style=&#34;border:1px solid #CCC; border-width:1px; margin-bottom:5px; max-width: 100%;&#34; allowfullscreen&gt; &lt;/iframe&gt;
&lt;div style=&#34;margin-bottom:5px&#34;&gt;
    &lt;strong&gt; &lt;a href=&#34;//www.slideshare.net/keelii/ss-12892582&#34; title=&#34;前端开发工具 - 编辑器篇&#34; target=&#34;_blank&#34;&gt;前端开发工具 - 编辑器篇&lt;/a&gt; &lt;/strong&gt; from &lt;strong&gt;&lt;a href=&#34;https://www.slideshare.net/keelii&#34; target=&#34;_blank&#34;&gt;keelii&lt;/a&gt;&lt;/strong&gt;
&lt;/div&gt;&lt;/p&gt;
</description>
    </item>
    
  </channel>
</rss>