<rss version="2.0" xmlns:atom="http://www.w3.org/2005/Atom">
  <channel>
    <title>FE on 臨池不輟</title>
    <link>https://keelii.com/tags/FE/</link>
    <description>Recent content in FE on 臨池不輟</description>
    <generator>Hugo -- gohugo.io</generator>
    <language>zh-CN</language>
    <lastBuildDate>Sun, 02 Dec 2018 19:10:24 +0000</lastBuildDate>
    
        <atom:link href="https://keelii.com/tags/FE/atom.xml" rel="self" type="application/rss+xml" />
    
    
    <item>
      <title>为什么前端工程师需要关注设计</title>
      <link>https://keelii.com/2018/12/02/why-frontend-dev-should-care-design/</link>
      <pubDate>Sun, 02 Dec 2018 19:10:24 +0000</pubDate>
      
      <guid>https://keelii.com/2018/12/02/why-frontend-dev-should-care-design/</guid>
      <description>

&lt;p&gt;在很久之前我就说过同样的话，表达过我觉得做为前端工程师而言设计素养的重要性，今天我想聊天为什么我有这种观点&lt;/p&gt;

&lt;h2 id=&#34;泛化的设计&#34;&gt;泛化的设计&lt;/h2&gt;

&lt;p&gt;实际上生活中设计是中无处不在的，大到建筑工程、工业设计，小到网页设计、产品设计。我认为设计的本质就是 &lt;strong&gt;理解你（或者你的用户）内心想法的一个过程&lt;/strong&gt;，在完成了一个物件的物理功能后，你需要考虑它的适用场景及多数用户的实用需求&lt;/p&gt;

&lt;p&gt;我在北京呆了很多年，你要问我对北京的印象是什么颜色，我会毫不犹豫的告诉你「蓝色」。有的人会认为是雾霾的灰色、有的人会认为是天安门的红色。为什么我的印象是蓝色呢，因为在北京无论你去哪儿都会选择公共交通，所有的交通标识牌都是蓝背景加白前景色，环路上的路标、地铁标、普通道路的路标，到处都会有蓝色的标识牌。使用蓝色的好处在于 &lt;strong&gt;标识性强&lt;/strong&gt;，尤其对我这种视觉异常的人特别友好。但是却缺乏美感，因为要照顾大多数人的体验&lt;/p&gt;

&lt;p&gt;我也常去西安，你要问我对西安的印象是什么颜色，我也会告诉你是「暗红」。西安的地铁标识牌就是这种暗红，我也不太确定这种颜色准确的叫法，赤红或者朱红？总之这种颜色和西安这个城市的调性很搭。无论是古城门上的各种架梁、门柱、瓦石的着色，还是现代的地铁标识颜色，到处都有暗红色的设计。西安地铁标的设计虽然说是和整个城市的气质具有一致性，但是 &lt;strong&gt;识别性很差&lt;/strong&gt;，尤其城市里面绿化比较好，树木多的时候绿色和这种红色标识交错在一起是很难分辨的&lt;/p&gt;

&lt;p&gt;从这个例子中我们可以了解到，其实设计并不是那种只存在于理论或者艺术世界里面的东西，大多数的设计都源于生活。都表达了人们对于生活的思考与理解&lt;/p&gt;

&lt;h2 id=&#34;狭义的设计&#34;&gt;狭义的设计&lt;/h2&gt;

&lt;p&gt;狭义点讲前端工程师（程序员）们的日常是程序设计或者软件设计。有一个关于用户体验的真相是：大多数用户当他们不喜欢你的产品时，他们会 &lt;strong&gt;直接离开并放弃&lt;/strong&gt;。用户的选择是正向的，他会因为你的软件好用选择，但 &lt;strong&gt;并不一定&lt;/strong&gt; 会因为你的软件不好而批评反馈。所以我一直认为很多所谓的为了提高用户体验的调查问卷并没有什么作用。相反的很多反馈都是没有经过深思熟虑，或者是很个人的需求，这反倒会影我们的判断&lt;/p&gt;

&lt;p&gt;所以说代码设计的的好不好，交互是否流畅，体验是否极致。这个门槛的最后一步就在前端&lt;/p&gt;

&lt;p&gt;当然后端也很重要，后端的重要性是我们在这聊设计聊体验的前提。「仓廪实而知礼节」，很多前端在知乎提问类似「Node.JS 和 Java 相比…」的话题的时候却从来没想过这个问题，不过这个话题就不细聊了&lt;/p&gt;

&lt;p&gt;前端需要关注设计，原因有二：&lt;/p&gt;

&lt;p&gt;一、离用户更近。这个毫无疑问，前端在整个软件的系统栈里面是最顶部一个元素，他们写出来的代码第一用户是自己，一个功能好不好用前端会有第一知觉。同时这个也依赖于工程师对于设计体验的素养。很多东西是没法区分 &lt;strong&gt;逻辑上的好坏&lt;/strong&gt;，同时有些东西应该是 &lt;strong&gt;不言而喻&lt;/strong&gt; 的：&lt;/p&gt;

&lt;p&gt;&lt;em&gt;页面的链接到底应该在当前面页打开还是新页签&lt;/em&gt;&lt;/p&gt;

&lt;p&gt;这就是一个典型的没法从逻辑上区分好坏的问题。当然所有页面都新窗口打开肯定是不对的。我认为 &lt;code&gt;&amp;lt;base target=&amp;quot;_blank&amp;quot;/&amp;gt;&lt;/code&gt; 在任何时时候都不应该被使用。看看自己每天使用的浏览器 tab 页的个数就明白了。实际使用的时候要根据用户的场景、喜好、链接去向内容、技术实现等各方面因素综合考虑，*一刀切* 的做法绝对是错误的&lt;/p&gt;

&lt;p&gt;&lt;em&gt;弹出层、hover 提示 应该是尽量少的使用&lt;/em&gt;&lt;/p&gt;

&lt;p&gt;这就是不言而喻的，因为在 PC 端用户的鼠标是最常用的输入设备。鼠标的 &lt;code&gt;mouseover&lt;/code&gt; 事件会产生很多误操作，浮层的显示这会骚扰用户的视觉。当然技术上我们可以通给 &lt;code&gt;mouseover&lt;/code&gt; 事件添加延迟的方式来避免误操作的机率，但是我认为这是一种 *打补丁* 的解决方法，因为当一个提示信息足够重要的时候，任何延迟都是错误的，更何况打补丁还有副作用&lt;/p&gt;

&lt;p&gt;最近刚好发现一个笔记类应用「www.notion.so」，初次使用的时候感觉真的非常棒。设计精美、交互流畅、动画细腻，好的产品不就应该是这样的么&lt;/p&gt;

&lt;p&gt;&lt;img src=&#34;https://img12.360buyimg.com/devfe/jfs/t29341/339/962472864/379822/48eff2bb/5c03552aN432640ea.png&#34; alt=&#34;motion.so-optmz&#34; /&gt;&lt;/p&gt;

&lt;p&gt;但是当你深入使用的时候你会发现这个页面上充满了各个的 hover 效果，提示信息、状态切换等。它几乎在所有的图标上都加了 功能提示或快捷键的 hover 提示，这个在我看来就非常的骚扰用户。就比如左侧菜单的收起按钮使用了左箭头的图标「＜」，这种图标就是不言而喻的，不需要再用 tooltip 来提示&lt;/p&gt;

&lt;p&gt;&lt;img src=&#34;https://img13.360buyimg.com/devfe/jfs/t30091/247/977323550/330695/a320c333/5c03914aNcce71c64.gif&#34; alt=&#34;hovers&#34; /&gt;&lt;/p&gt;

&lt;p&gt;二、审美需求。这一点其实上是所有人都需要关注的，很多程序员在使用 macOS 一段时间后就再也没法忍受 windows 的界面了。单从审美诉求这一项讲，macOS 体现出来的简洁、专注是 windows 系统没有的。结合上面的问题可以思考下：*为什么 macOS 系统的鼠标 hover 的交互很少？*我觉得应该是操作系统给用户带来的那种稳定、可靠的感觉。当你专注的做一件事情的时候最好不要有任何形式的打扰，像系统通知、气泡提醒什么的应该完全被禁止&lt;/p&gt;

&lt;p&gt;很多人会认为程序员不需要审美，因为他们实现功能就行了。事实上甚至很多程序员也可能是这么想的。但是他们并没有意识到一点，即使是那种特别不关心审美的人也有基本审美的需求，或者说一个长像其丑无比的人也有基本审美的需求，爱美之心人皆有之。只是程序员这类群体写代码太久就会进入特别专注的状态，只在乎代码，忘了其它一些同样有价值的东西&lt;/p&gt;

&lt;p&gt;我想表达的意思并不是说这样不好，而是我认为在专注技术的前提下了解一些设计方面的东西会让我们理解别人（用户）的想法，这其实也是一种与外界的沟通形式，也能弥补程序员天生的弱点&lt;/p&gt;

&lt;h2 id=&#34;设计的规则&#34;&gt;设计的规则&lt;/h2&gt;

&lt;p&gt;很多对设计一知半解的人会说一句别人经过实践总结出来的真理：&lt;/p&gt;

&lt;blockquote&gt;
&lt;p&gt;Rules are meant to be broken — 规则就是用来被打破的&lt;/p&gt;
&lt;/blockquote&gt;

&lt;p&gt;在《写给大家看的设计书》中就讲过这个问题，我是比较同意作者的观点，即：打破规则的前提应该是你足够了解规则是什么，意味着什么&lt;/p&gt;

&lt;p&gt;同时书中开篇分享了另外一个观点，我也很赞同：&lt;/p&gt;

&lt;blockquote&gt;
&lt;p&gt;当你能叫出一个东西的名字后，这个东西就无处不在了&lt;/p&gt;
&lt;/blockquote&gt;

&lt;p&gt;这个估计很多人都会有这种体验，某一天某个人说了一个你以前从来没听过的词儿，然后你觉得这个词很新鲜，接着在后来一段时间内这个词就会不段的出现在你的周围&lt;/p&gt;

&lt;p&gt;作者的意思是，其实就是设计在很多人眼中遙不可及并不是因为它很高深，而是你没听过、没见过一些设计规则&lt;/p&gt;

&lt;p&gt;后面的东西就不聊了，读者有兴趣可以读下原著，书中提到的几个原则至今都在我的脑海里：亲密、对齐、重复、对比&lt;/p&gt;

&lt;p&gt;&lt;em&gt;封面图：&lt;a href=&#34;https://www.pexels.com/photo/black-pencils-and-design-word-6444/&#34;&gt;https://www.pexels.com/photo/black-pencils-and-design-word-6444/&lt;/a&gt;&lt;/em&gt;&lt;/p&gt;
</description>
    </item>
    
  </channel>
</rss>