<rss version="2.0" xmlns:atom="http://www.w3.org/2005/Atom">
  <channel>
    <title>gVim on 臨池不輟</title>
    <link>https://keelii.com/tags/gVim/</link>
    <description>Recent content in gVim on 臨池不輟</description>
    <generator>Hugo -- gohugo.io</generator>
    <language>zh-CN</language>
    <lastBuildDate>Mon, 13 Jun 2016 21:25:57 +0800</lastBuildDate>
    
        <atom:link href="https://keelii.com/tags/gVim/atom.xml" rel="self" type="application/rss+xml" />
    
    
    <item>
      <title>可能是 Windows 下最漂亮的 Gvim 配置了</title>
      <link>https://keelii.com/2016/06/13/awsome-window-vimrc/</link>
      <pubDate>Mon, 13 Jun 2016 21:25:57 +0800</pubDate>
      
      <guid>https://keelii.com/2016/06/13/awsome-window-vimrc/</guid>
      <description>&lt;p&gt;一直以来被称为编辑器之神的 vim 在 Windows 下很难发挥其强大的功能，本文从实用的角度阐述如何调校出一个比较好用的 vim&lt;/p&gt;

&lt;p&gt;不过仍然要说明下，在众多 vim 构建版本中 Mac OS 平台的 MacVim 是我认为最好用的一个版本。由于自己公司主力用 Windows，又因笔者是一枚对编辑器颜值体验有要求的前端工程师， 所以才有了下文 ^!^&lt;/p&gt;

&lt;p&gt;先说明下开发环境：&lt;/p&gt;

&lt;ul&gt;
&lt;li&gt;ThinkPad T450 (公司标配)&lt;/li&gt;
&lt;li&gt;Windows 7 SP1 64bit 企业版&lt;/li&gt;
&lt;li&gt;编程语言 JavasSript, HTML, CSS, NodeJS, Python&lt;/li&gt;
&lt;/ul&gt;

&lt;h2 id=&#34;前言&#34;&gt;前言&lt;/h2&gt;

&lt;p&gt;本文旨在配置和使用 vim，并不适合太初级的 vim 用户，本文作者也不是 vim 死忠粉，经常混用 Webstrom 和 vim&lt;/p&gt;

&lt;h2 id=&#34;开始&#34;&gt;开始&lt;/h2&gt;

&lt;p&gt;开始之前我们先看一眼 Windows 上安装 Gvim 的默认界面，我们将从这里开始一步步的学习和配置&lt;/p&gt;

&lt;p&gt;&lt;a href=&#34;https://cloud.githubusercontent.com/assets/458894/16011259/36c5df9e-31b7-11e6-8db5-ad09584ed39b.png&#34;&gt;&lt;img src=&#34;https://cloud.githubusercontent.com/assets/458894/16011259/36c5df9e-31b7-11e6-8db5-ad09584ed39b.png&#34; alt=&#34;gvim-default&#34; /&gt;&lt;/a&gt;&lt;/p&gt;

&lt;h2 id=&#34;配置-vimrc&#34;&gt;配置 _vimrc&lt;/h2&gt;

&lt;p&gt;由于 vimrc 里面会有很多的配置项，为了避免混乱，我大概按自己的使用习惯分成了几个小组：&lt;/p&gt;

&lt;ul&gt;
&lt;li&gt;Startup         - 编辑器启动时需要添加的一些配置&lt;/li&gt;
&lt;li&gt;General         - 通用配置&lt;/li&gt;
&lt;li&gt;Lang &amp;amp; Encoding - 语言和编码&lt;/li&gt;
&lt;li&gt;GUI             - 界面&lt;/li&gt;
&lt;li&gt;Format          - 基本的代码格式&lt;/li&gt;
&lt;li&gt;Keymap          - 通用的快捷键&lt;/li&gt;
&lt;li&gt;Plugin          - 插件相关（包括和当前插件相关的配置和快捷键等）&lt;/li&gt;
&lt;li&gt;Function        - vimrc 里面用到的常用方法&lt;/li&gt;
&lt;/ul&gt;

&lt;h3 id=&#34;startup&#34;&gt;Startup&lt;/h3&gt;

&lt;pre&gt;&lt;code class=&#34;language-vim&#34;&gt;&amp;quot; Startup {{{
filetype indent plugin on


&amp;quot; vim 文件折叠方式为 marker
augroup ft_vim
    au!

    au FileType vim setlocal foldmethod=marker
augroup END
&amp;quot; }}}
&lt;/code&gt;&lt;/pre&gt;

&lt;p&gt;设置 vim 相关文件打开后默认折叠方式为 marker，约定俗成的用三个花括号注释包裹起来，这样在你打开配置文件的时候 vim 就会帮你折叠起来，配置文件看起来就简洁多了，如图:&lt;/p&gt;

&lt;p&gt;&lt;a href=&#34;https://cloud.githubusercontent.com/assets/458894/16011261/372e3f3a-31b7-11e6-8e3f-16a8aa9c4fe2.png&#34;&gt;&lt;img src=&#34;https://cloud.githubusercontent.com/assets/458894/16011261/372e3f3a-31b7-11e6-8e3f-16a8aa9c4fe2.png&#34; alt=&#34;vim-fold-config&#34; /&gt;&lt;/a&gt;&lt;/p&gt;

&lt;h3 id=&#34;general&#34;&gt;General&lt;/h3&gt;

&lt;pre&gt;&lt;code class=&#34;language-vim&#34;&gt;&amp;quot; General {{{
set nocompatible
set nobackup
set noswapfile
set history=1024
set autochdir
set whichwrap=b,s,&amp;lt;,&amp;gt;,[,]
set nobomb
set backspace=indent,eol,start whichwrap+=&amp;lt;,&amp;gt;,[,]
&amp;quot; Vim 的默认寄存器和系统剪贴板共享
set clipboard+=unnamed
&amp;quot; 设置 alt 键不映射到菜单栏
set winaltkeys=no
&amp;quot; }}}
&lt;/code&gt;&lt;/pre&gt;

&lt;p&gt;基本上一眼就能看出来这是些啥玩意，不过后面两项目我个人感觉比较好用：&lt;/p&gt;

&lt;p&gt;clipboard+=unnamed 比如你在其它地方 copy 了一段文字回到 vim 里面可以粘贴进来&lt;/p&gt;

&lt;p&gt;winaltkeys=no 一般 windows 下应用程序的 alt 是用来定位菜单栏目的快捷键，我们需要禁用它，因为我们后面很多设置都需要使用 alt，需要使用 alt 来定位菜单的情况很少&lt;/p&gt;

&lt;h3 id=&#34;lang-encoding&#34;&gt;Lang &amp;amp; Encoding&lt;/h3&gt;

&lt;pre&gt;&lt;code class=&#34;language-vim&#34;&gt;&amp;quot; Lang &amp;amp; Encoding {{{
set fileencodings=utf-8,gbk2312,gbk,gb18030,cp936
set encoding=utf-8
set langmenu=zh_CN
let $LANG = &#39;en_US.UTF-8&#39;
&amp;quot;language messages zh_CN.UTF-8
&amp;quot; }}}
&lt;/code&gt;&lt;/pre&gt;

&lt;p&gt;vim 里面设置编码的地方很多，上面这些配置可以保证不会出现乱码，像文件菜单、vim默认语言建议设置成 en_US&lt;/p&gt;

&lt;h3 id=&#34;gui&#34;&gt;GUI&lt;/h3&gt;

&lt;pre&gt;&lt;code class=&#34;language-vim&#34;&gt;&amp;quot; GUI {{{
colorscheme Tomorrow-Night

source $VIMRUNTIME/delmenu.vim
source $VIMRUNTIME/menu.vim
set cursorline
set hlsearch
set number
&amp;quot; 窗口大小
set lines=35 columns=140
&amp;quot; 分割出来的窗口位于当前窗口下边/右边
set splitbelow
set splitright
&amp;quot;不显示工具/菜单栏
set guioptions-=T
set guioptions-=m
set guioptions-=L
set guioptions-=r
set guioptions-=b
&amp;quot; 使用内置 tab 样式而不是 gui
set guioptions-=e
set nolist
&amp;quot; set listchars=tab:▶\ ,eol:¬,trail:·,extends:&amp;gt;,precedes:&amp;lt;
set guifont=Inconsolata:h12:cANSI
&amp;quot; }}}
&lt;/code&gt;&lt;/pre&gt;

&lt;p&gt;编辑器配色建议使用 Tomorrow-Night，下载文件 copy 到 colors 目录即可&lt;/p&gt;

&lt;p&gt;从上面的设置可以看出来，为了得到一个简洁漂亮的界面，我们去掉了菜单栏、各种滚动条、使用 vim 内置 tab 而不是 gvim 系统的 tab 样式，注意很多开发者喜欢显示不可见字符，比如：tab 制表符、换行符号、尾空格等。&lt;/p&gt;

&lt;p&gt;我自己并不喜欢这样，因为这样只会使界面看起来更零乱，尤其是某插件纵向标尺&lt;/p&gt;

&lt;p&gt;字体方面个人推荐 Inconsolata 这个在我看来是 Windows 平台最漂亮的等宽字体了&lt;/p&gt;

&lt;p&gt;此时你的编辑器应该好看了很多：&lt;/p&gt;

&lt;p&gt;&lt;a href=&#34;https://cloud.githubusercontent.com/assets/458894/16011263/373facd4-31b7-11e6-8311-9b0c09d2425f.png&#34;&gt;&lt;img src=&#34;https://cloud.githubusercontent.com/assets/458894/16011263/373facd4-31b7-11e6-8311-9b0c09d2425f.png&#34; alt=&#34;more-beauty-vim&#34; /&gt;&lt;/a&gt;&lt;/p&gt;

&lt;h3 id=&#34;format&#34;&gt;Format&lt;/h3&gt;

&lt;pre&gt;&lt;code class=&#34;language-vim&#34;&gt;&amp;quot; Format {{{
set autoindent
set smartindent
set tabstop=4
set expandtab
set softtabstop=4
set foldmethod=indent
syntax on
&amp;quot; }}}
&lt;/code&gt;&lt;/pre&gt;

&lt;p&gt;这个设置容易引起争议，我自己是这么个设置，大家按个人喜好就行了，反正我是不建议使用 tab 的，对代码格式有强迫症的人一般都会设置 foldmethod=indent&lt;/p&gt;

&lt;h3 id=&#34;keymap&#34;&gt;Keymap&lt;/h3&gt;

&lt;p&gt;可以说快捷键是每个编辑器必备的功能，科学的设置快捷键能很大程度的提高效率。快捷键的设置要遵循一个规则：尽量不要修改系统默认配置的快捷键，非要设置的话选择好相应的模式&lt;/p&gt;

&lt;pre&gt;&lt;code class=&#34;language-vim&#34;&gt;&amp;quot; Keymap {{{
let mapleader=&amp;quot;,&amp;quot;

nmap &amp;lt;leader&amp;gt;s :source $VIM/_vimrc&amp;lt;cr&amp;gt;
nmap &amp;lt;leader&amp;gt;e :e $VIM/_vimrc&amp;lt;cr&amp;gt;

map &amp;lt;leader&amp;gt;tn :tabnew&amp;lt;cr&amp;gt;
map &amp;lt;leader&amp;gt;tc :tabclose&amp;lt;cr&amp;gt;
map &amp;lt;leader&amp;gt;th :tabp&amp;lt;cr&amp;gt;
map &amp;lt;leader&amp;gt;tl :tabn&amp;lt;cr&amp;gt;

&amp;quot; 移动分割窗口
nmap &amp;lt;C-j&amp;gt; &amp;lt;C-W&amp;gt;j
nmap &amp;lt;C-k&amp;gt; &amp;lt;C-W&amp;gt;k
nmap &amp;lt;C-h&amp;gt; &amp;lt;C-W&amp;gt;h
nmap &amp;lt;C-l&amp;gt; &amp;lt;C-W&amp;gt;l

&amp;quot; 正常模式下 alt+j,k,h,l 调整分割窗口大小
nnoremap &amp;lt;M-j&amp;gt; :resize +5&amp;lt;cr&amp;gt;
nnoremap &amp;lt;M-k&amp;gt; :resize -5&amp;lt;cr&amp;gt;
nnoremap &amp;lt;M-h&amp;gt; :vertical resize -5&amp;lt;cr&amp;gt;
nnoremap &amp;lt;M-l&amp;gt; :vertical resize +5&amp;lt;cr&amp;gt;

&amp;quot; 插入模式移动光标 alt + 方向键
inoremap &amp;lt;M-j&amp;gt; &amp;lt;Down&amp;gt;
inoremap &amp;lt;M-k&amp;gt; &amp;lt;Up&amp;gt;
inoremap &amp;lt;M-h&amp;gt; &amp;lt;left&amp;gt;
inoremap &amp;lt;M-l&amp;gt; &amp;lt;Right&amp;gt;

&amp;quot; IDE like delete
inoremap &amp;lt;C-BS&amp;gt; &amp;lt;Esc&amp;gt;bdei

nnoremap vv ^vg_
&amp;quot; 转换当前行为大写
inoremap &amp;lt;C-u&amp;gt; &amp;lt;esc&amp;gt;mzgUiw`za
&amp;quot; 命令模式下的行首尾
cnoremap &amp;lt;C-a&amp;gt; &amp;lt;home&amp;gt;
cnoremap &amp;lt;C-e&amp;gt; &amp;lt;end&amp;gt;

nnoremap &amp;lt;F2&amp;gt; :setlocal number!&amp;lt;cr&amp;gt;
nnoremap &amp;lt;leader&amp;gt;w :set wrap!&amp;lt;cr&amp;gt;

imap &amp;lt;C-v&amp;gt; &amp;quot;+gP
vmap &amp;lt;C-c&amp;gt; &amp;quot;+y
vnoremap &amp;lt;BS&amp;gt; d
vnoremap &amp;lt;C-C&amp;gt; &amp;quot;+y
vnoremap &amp;lt;C-Insert&amp;gt; &amp;quot;+y
imap &amp;lt;C-V&amp;gt;		&amp;quot;+gP
map &amp;lt;S-Insert&amp;gt;		&amp;quot;+gP
cmap &amp;lt;C-V&amp;gt;		&amp;lt;C-R&amp;gt;+
cmap &amp;lt;S-Insert&amp;gt;		&amp;lt;C-R&amp;gt;+

exe &#39;inoremap &amp;lt;script&amp;gt; &amp;lt;C-V&amp;gt;&#39; paste#paste_cmd[&#39;i&#39;]
exe &#39;vnoremap &amp;lt;script&amp;gt; &amp;lt;C-V&amp;gt;&#39; paste#paste_cmd[&#39;v&#39;]

&amp;quot; 打开当前目录 windows
map &amp;lt;leader&amp;gt;ex :!start explorer %:p:h&amp;lt;CR&amp;gt;

&amp;quot; 打开当前目录CMD
map &amp;lt;leader&amp;gt;cmd :!start&amp;lt;cr&amp;gt;
&amp;quot; 打印当前时间
map &amp;lt;F3&amp;gt; a&amp;lt;C-R&amp;gt;=strftime(&amp;quot;%Y-%m-%d %a %I:%M %p&amp;quot;)&amp;lt;CR&amp;gt;&amp;lt;Esc&amp;gt;

&amp;quot; 复制当前文件/路径到剪贴板
nmap ,fn :let @*=substitute(expand(&amp;quot;%&amp;quot;), &amp;quot;/&amp;quot;, &amp;quot;\\&amp;quot;, &amp;quot;g&amp;quot;)&amp;lt;CR&amp;gt;
nmap ,fp :let @*=substitute(expand(&amp;quot;%:p&amp;quot;), &amp;quot;/&amp;quot;, &amp;quot;\\&amp;quot;, &amp;quot;g&amp;quot;)&amp;lt;CR&amp;gt;

&amp;quot; 设置切换Buffer快捷键&amp;quot;
nnoremap &amp;lt;C-left&amp;gt; :bn&amp;lt;CR&amp;gt;
nnoremap &amp;lt;C-right&amp;gt; :bp&amp;lt;CR&amp;gt;

&amp;quot; }}}
&lt;/code&gt;&lt;/pre&gt;

&lt;p&gt;首页我们设置了 leaderkey 为逗号「,」，不要问为什么约定的就是它。别设置成空格就行了&lt;/p&gt;

&lt;p&gt;注意「,e」和「,s」分别用编辑配置文件，刷新配置文件，后面的路径要按你自己的情况去写，我默认使用了 vim 安装目录里面的 vimrc&lt;/p&gt;

&lt;p&gt;分屏编辑操作的时候经常要在不同的屏之间跳来跳去 「Ctrl + vim方向」设置跳转方便顺滑的切换，顺便说下我个人的习惯是在当前tab下编辑一个项目的文件，如果要临时维护其它项目就新开tab，每个tab单独编辑一个项目文件&lt;/p&gt;

&lt;p&gt;后面还设置了一些和 Windows 默认编辑操作兼容的快捷键，比如：复制，粘贴&lt;/p&gt;

&lt;p&gt;注意有个细节，因为 vim 里面多行操作快捷键是 Ctrl + v 和 windows 粘贴冲突了，一个机智的做法是仅仅在 vim 插件模式设置 Ctrl 为粘贴，正常模式 Ctril + v 进入多选模式，两全其美&lt;/p&gt;

&lt;p&gt;插入模式下要移动光标 还得 ESC 一下进入插入模式，这样太麻烦了，使用 「alt + vim方向」就简单多了&lt;/p&gt;

&lt;h3 id=&#34;plugin&#34;&gt;Plugin&lt;/h3&gt;

&lt;p&gt;插件方面根据我自己的工作内容和个人喜好，选择了以下几个，全部使用 vundle 来管理：&lt;/p&gt;

&lt;ul&gt;
&lt;li&gt;NERDTree&lt;/li&gt;
&lt;li&gt;Vim-multiple-cursors&lt;/li&gt;
&lt;li&gt;Tabular&lt;/li&gt;
&lt;li&gt;Airline&lt;/li&gt;
&lt;li&gt;Ctrlp&lt;/li&gt;
&lt;li&gt;NERDCommenter&lt;/li&gt;
&lt;li&gt;Emmet&lt;/li&gt;
&lt;li&gt;SnipMate&lt;/li&gt;
&lt;li&gt;Fugitive&lt;/li&gt;
&lt;li&gt;Neocomplete&lt;/li&gt;
&lt;/ul&gt;

&lt;p&gt;具体配置我就不帖代码了，可以上git上参观，下面大概解释下每个插件的用途&lt;/p&gt;

&lt;h4 id=&#34;nerdtree&#34;&gt;NERDTree&lt;/h4&gt;

&lt;p&gt;文件目录树管理，我一般设置成打开 vim 就启动&lt;/p&gt;

&lt;pre&gt;&lt;code class=&#34;language-vim&#34;&gt;if exists(&#39;g:NERDTreeWinPos&#39;)
    autocmd vimenter * NERDTree D:\repo
endif
&lt;/code&gt;&lt;/pre&gt;

&lt;h4 id=&#34;vim-multiple-cursors&#34;&gt;Vim-multiple-cursors&lt;/h4&gt;

&lt;p&gt;类似 sublime 多选，进入 visual 模式选择文本 &lt;code&gt;Ctrl+shif+n&lt;/code&gt; 即可一直选择下一个匹配文本&lt;/p&gt;

&lt;p&gt;&lt;img src=&#34;https://cloud.githubusercontent.com/assets/458894/16074299/684f368a-331c-11e6-86f0-d2a860d6416a.gif&#34; alt=&#34;mul-cur&#34; /&gt;&lt;/p&gt;

&lt;h4 id=&#34;tabular&#34;&gt;Tabular&lt;/h4&gt;

&lt;p&gt;对齐插件，文章末尾 gif 图里面有展示，visual 模式下选择要对齐的多行文本，进入命令模式 &lt;code&gt;:Tabularize /对齐符号&amp;lt;cr&amp;gt;&lt;/code&gt;&lt;/p&gt;

&lt;h4 id=&#34;airline&#34;&gt;Airline&lt;/h4&gt;

&lt;p&gt;状态栏美化插件，准备弃用了&lt;/p&gt;

&lt;h4 id=&#34;ctrlp&#34;&gt;Ctrlp&lt;/h4&gt;

&lt;p&gt;类似IDE里面的最近打开的文件，用于快速定位文件/Buffer&lt;/p&gt;

&lt;h4 id=&#34;nerdcommenter&#34;&gt;NERDCommenter&lt;/h4&gt;

&lt;p&gt;注释插件，默认是快捷键是 &amp;lt;leader&amp;gt; c &amp;lt;SPACE&amp;gt;&lt;/p&gt;

&lt;h4 id=&#34;emmet&#34;&gt;Emmet&lt;/h4&gt;

&lt;p&gt;用来快速写 HTML&lt;/p&gt;

&lt;p&gt;&lt;img src=&#34;https://cloud.githubusercontent.com/assets/458894/16074297/684c9196-331c-11e6-95de-56951d43c5b2.gif&#34; alt=&#34;emmet&#34; /&gt;&lt;/p&gt;

&lt;h4 id=&#34;snipmate&#34;&gt;SnipMate&lt;/h4&gt;

&lt;p&gt;代码片段管理, 这个插件很早之前的那个版本不维护了，现在最新版的非常强大，不过有另外两个依赖，默认是没有任何内置的 snippet 的，如果需要样版，可以安装 &lt;a href=&#34;https://github.com/honza/vim-snippets&#34;&gt;这个插件&lt;/a&gt; 需要自定义的话手动更改 snippets 目录下的文件即可（其实就是个git仓库，你可以换成自己的）&lt;/p&gt;

&lt;p&gt;&lt;img src=&#34;https://cloud.githubusercontent.com/assets/458894/16074298/684d7cd2-331c-11e6-8c61-83dabbc4849e.gif&#34; alt=&#34;snipmate&#34; /&gt;&lt;/p&gt;

&lt;h4 id=&#34;fugitive&#34;&gt;Fugitive&lt;/h4&gt;

&lt;p&gt;Git 命令增强工具，在 vim 使用 git，状态栏的分类名称就是调用的这个插件的方法 &lt;code&gt;fugitive#head()&lt;/code&gt;&lt;/p&gt;

&lt;h4 id=&#34;neocomplete&#34;&gt;Neocomplete&lt;/h4&gt;

&lt;p&gt;自动补全插件，这个代码实例插件是需要 lua 支持的，可能你需要手动编译一个带 lua 支持版本的 gvim，&lt;a href=&#34;https://keelii.com/2016/06/14/compile-vim-on-windows-with-lua-support/&#34;&gt;下篇文章&lt;/a&gt; 我将记录下自己在 Windows 上编译安装的过程&lt;/p&gt;

&lt;p&gt;什么？你说为啥不装 YouCompleteMe，官方作者都不支持的插件就别折腾了吧，Neocomplete 这个实例插件对于我的情况来说已经够用了&lt;/p&gt;

&lt;h3 id=&#34;function&#34;&gt;Function&lt;/h3&gt;

&lt;p&gt;常用方法这里我只有一个，移除尾空格&lt;/p&gt;

&lt;pre&gt;&lt;code class=&#34;language-vim&#34;&gt;&amp;quot; Function {{{
&amp;quot; Remove trailing whitespace when writing a buffer, but not for diff files.
&amp;quot; From: Vigil
&amp;quot; @see http://blog.bs2.to/post/EdwardLee/17961
function! RemoveTrailingWhitespace()
    if &amp;amp;ft != &amp;quot;diff&amp;quot;
        let b:curcol = col(&amp;quot;.&amp;quot;)
        let b:curline = line(&amp;quot;.&amp;quot;)
        silent! %s/\s\+$//
        silent! %s/\(\s*\n\)\+\%$//
        call cursor(b:curline, b:curcol)
    endif
endfunction
autocmd BufWritePre * call RemoveTrailingWhitespace()
&amp;quot; }}}
&lt;/code&gt;&lt;/pre&gt;

&lt;p&gt;No picture U say a &amp;hellip; ?&lt;/p&gt;

&lt;p&gt;&lt;a href=&#34;https://cloud.githubusercontent.com/assets/458894/16011262/373cd644-31b7-11e6-8a62-f03f32cf5167.png&#34;&gt;&lt;img src=&#34;https://cloud.githubusercontent.com/assets/458894/16011262/373cd644-31b7-11e6-8a62-f03f32cf5167.png&#34; alt=&#34;complete-vimrc&#34; /&gt;&lt;/a&gt;&lt;/p&gt;

&lt;p&gt;这个是动图，不动戳大&lt;/p&gt;

&lt;p&gt;&lt;a href=&#34;https://cloud.githubusercontent.com/assets/458894/16011260/372e0722-31b7-11e6-887a-226747eec42f.gif&#34;&gt;&lt;img src=&#34;https://cloud.githubusercontent.com/assets/458894/16011260/372e0722-31b7-11e6-887a-226747eec42f.gif&#34; alt=&#34;gif-show-vim&#34; /&gt;&lt;/a&gt;&lt;/p&gt;

&lt;h2 id=&#34;结语&#34;&gt;结语&lt;/h2&gt;

&lt;p&gt;还有一点没说明，vimrc 里面的一些 windows 独有的设置我并没有加一些判断来兼容其它平台，这个是个人喜好而已，我会单独分开维护不同平台的配置文件，而不是全部放在一起各种逻辑判断&lt;/p&gt;

&lt;h2 id=&#34;引用&#34;&gt;引用&lt;/h2&gt;

&lt;p&gt;&lt;a href=&#34;https://gist.github.com/keelii/1aab5f9aa5b47afa651c7fc84b8e9875&#34;&gt;完整配置文件&lt;/a&gt;&lt;/p&gt;</description>
    </item>
    
  </channel>
</rss>