<rss version="2.0" xmlns:atom="http://www.w3.org/2005/Atom">
  <channel>
    <title>movie on 臨池不輟</title>
    <link>https://keelii.com/categories/movie/</link>
    <description>Recent content in movie on 臨池不輟</description>
    <generator>Hugo -- gohugo.io</generator>
    <language>zh-CN</language>
    <lastBuildDate>Thu, 20 Jun 2019 18:33:24 +0000</lastBuildDate>
    
        <atom:link href="https://keelii.com/categories/movie/atom.xml" rel="self" type="application/rss+xml" />
    
    
    <item>
      <title>复联4是一集电视剧，3才是一部电影</title>
      <link>https://keelii.com/2019/06/20/why-avengers-3-is-better-6-7/</link>
      <pubDate>Thu, 20 Jun 2019 18:33:24 +0000</pubDate>
      
      <guid>https://keelii.com/2019/06/20/why-avengers-3-is-better-6-7/</guid>
      <description>

&lt;p&gt;相信复联4的热度也应该过了，今天我来聊天复联4的观影感受以及我对漫威系列电影的一些看法。&lt;/p&gt;

&lt;p&gt;当然我并不是一名合格的漫威迷，对漫威系列电影的一些细节也不是很了解，更没看过漫画。我只想说说做为一名普通的观电影者的感受。&lt;/p&gt;

&lt;h2 id=&#34;我是如何喜欢上漫威电影的&#34;&gt;我是如何喜欢上漫威电影的&lt;/h2&gt;

&lt;p&gt;我看的第一部温威电影就是《钢铁侠》，记得还是在上大学的时候。那种感觉就像是小时候看的变形金刚变成真人了。人与机器居然能结合的那么天衣无缝，简直酷毙了。这全要归功于托尼这个角色的设计。&lt;/p&gt;

&lt;p&gt;&lt;em&gt;托尼·史塔克是一名&lt;a href=&#34;https://zh.wikipedia.org/wiki/%E4%BC%81%E4%B8%9A%E5%AE%B6&#34; title=&#34;企业家&#34;&gt;企业家&lt;/a&gt;、天才发明家兼极度自恋的花花公子&lt;/em&gt; — 单是这描述就能让大多数人惊叹不已了。但是他身上却有着更重要的一样东西，反复看过几遍钢铁侠后你会发现托尼身上有一种&lt;strong&gt;人类理性&lt;/strong&gt;的闪光点。&lt;/p&gt;

&lt;p&gt;回顾每次托尼面临困境时，他似乎总是能像计算机一样进行精确计算从而得出问题的最佳解决方法。即：&lt;/p&gt;

&lt;blockquote&gt;
&lt;p&gt;用最少的代价，获取最大的收益&lt;/p&gt;
&lt;/blockquote&gt;

&lt;p&gt;所有的逻辑分支他都会考虑进去。为了达到最终目标，他可以忍气吞声，放下牵挂。而且他还有很强大的意志力，这种能力可能就来自于「with great power comes great responsibility」。因为他自视甚高，他相信自己是天才，自己是被选中的。&lt;/p&gt;

&lt;p&gt;当然他也是普通人，有爱、有恨也有罪过。你很难想像这样一个有有血有肉的常人同时结合了机器的优点。有了飞行、攻击、防御这些特殊技能后，托尼就可以完全放飞自己，因为他想到的东西立马就可以做到，随着顶尖科学技术的进化与探究，时间/空间这些以前限制人类的东西都有可能都会被打破。&lt;/p&gt;

&lt;p&gt;从托尼身上你能看到人类思想的一种无限状态，在不受物理限制情况下人类的思维创意能达到什么样的高度？&lt;/p&gt;

&lt;p&gt;在钢铁侠系列影片中我最喜欢的一个片部分就是钢铁侠盘旋冲上天空的那个片段，这远比看着航天飞机升空的感觉更加震撼。&lt;/p&gt;

&lt;p&gt;&lt;img src=&#34;https://i.loli.net/2019/06/07/5cfa2db8ddded25755.png&#34; alt=&#34;iron-man-0.png&#34; /&gt;&lt;/p&gt;

&lt;p&gt;这仿佛就是冲破规则的束缚自由超越的一种象征&lt;/p&gt;

&lt;p&gt;&lt;img src=&#34;https://i.loli.net/2019/06/07/5cfa2db1a24ec48688.png&#34; alt=&#34;iron-man-03.png&#34; /&gt;&lt;/p&gt;

&lt;p&gt;&lt;img src=&#34;https://i.loli.net/2019/06/08/5cfb11d89aefc93562.png&#34; alt=&#34;iron-man-01.png&#34; /&gt;&lt;/p&gt;

&lt;p&gt;同时他也是个正常人类，有感情，有爱恨&lt;/p&gt;

&lt;p&gt;&lt;img src=&#34;https://i.loli.net/2019/06/07/5cfa2db5eeebe76397.png&#34; alt=&#34;iron-man-04.png&#34; /&gt;&lt;/p&gt;

&lt;h2 id=&#34;如何评价复联3&#34;&gt;如何评价复联3&lt;/h2&gt;

&lt;p&gt;复联3是继钢铁侠系列之后我最喜欢的一部漫威电影。实际上我在评价一部电影的时候并不会太在意之前几部的质量。&lt;/p&gt;

&lt;p&gt;因为我认为衡量一部好电影的标准应该是：&lt;/p&gt;

&lt;blockquote&gt;
&lt;p&gt;给任何一个人看完之后都有所受益就是一部好电影。这个受益可能是娱乐八卦，可能是爱恨情仇，也可能是角色创意或者影片本身要表达的某种哲理思想&lt;/p&gt;
&lt;/blockquote&gt;

&lt;p&gt;并且我认为最重要的一点就是&lt;strong&gt;影片要表达的某种思想或者哲理&lt;/strong&gt;，因为这是最能引发人反思的东西。&lt;/p&gt;

&lt;p&gt;毫无疑问，复联3中灭霸这个角色是有史以来众多反派角色中最出色的一个。灭霸被设计成了一个外在与内在都很强大的角色。&lt;/p&gt;

&lt;p&gt;外形上灭霸有着比普通从大的多的尺寸用以艺术上的对比效果。他的手可以轻松抓住一个人的头部（开头抓雷神的头），小物件放在他手里有很强的视觉冲击：&lt;/p&gt;

&lt;p&gt;&lt;img src=&#34;https://i.loli.net/2019/06/07/5cfa2f1262fbc14384.png&#34; alt=&#34;thanos-2.png&#34; /&gt;&lt;/p&gt;

&lt;p&gt;这让我想起了《三国志》中对典韦的一段描写：「形貌魁梧，旅力过人，有志节任侠。一手执定旗杆，立于风中，巍然不动…」&lt;/p&gt;

&lt;p&gt;同时灭霸的声音也非常有特色，沉稳，冷酷中透着死一般的坚定。虽然女性观众可能更喜欢雷神或者洛基的声音。&lt;/p&gt;

&lt;p&gt;内在方面主要由感情和信念理想两条主线：&lt;/p&gt;

&lt;h3 id=&#34;与卡魔拉的父女亲情-感情线&#34;&gt;与卡魔拉的父女亲情（感情线）&lt;/h3&gt;

&lt;p&gt;这一段是全剧中我最喜欢的一段，几乎没有任何瑕疵。这个不到5分钟的片段，好就好在无论你有没有看过前几部甚至是单看这一段，每个人都会理解到「中心思想」，当然这个中心思想因人而异。下面我就简单解析下我对这段剧情理解。&lt;/p&gt;

&lt;hr /&gt;

&lt;p&gt;++Red Skull++（红骷髅）&lt;/p&gt;

&lt;blockquote&gt;
&lt;p&gt;What you seek lies front of you — 你想要的东西就在前面&lt;/p&gt;

&lt;p&gt;as does what you fear — 就像你恐惧的一样&lt;/p&gt;
&lt;/blockquote&gt;

&lt;p&gt;&lt;img src=&#34;https://i.loli.net/2019/06/07/5cfa376783bf274270.png&#34; alt=&#34;Red-Skull.png&#34; /&gt;&lt;/p&gt;

&lt;p&gt;为什么说「你想要的东西就在前面，就像你恐惧的一样」，我的理解是当一个人想要一样东西的欲望到极致的时候，就会有一种矛盾恐惧 — 怕得不到，同时也怕得到。得不到意味着自己的所有努力和牺牲就白费了，同时越不容易得到的东西总会给人一种越容易丢失错觉。&lt;/p&gt;

&lt;blockquote&gt;
&lt;p&gt;美好的东西都在一瞬间，不容易得到的东西一旦拥有失去也会很快。当你经历过这个轮回才会发现没有什么东西是美好的，美好的背后可能是你看不见的丑陋的牺牲，没有这些丑陋的牺牲美好也失去了意义。这一切都在于你是否准备好了拿等价的牺牲去交换…&lt;/p&gt;
&lt;/blockquote&gt;

&lt;p&gt;++Gamora++（卡魔拉）&lt;/p&gt;

&lt;blockquote&gt;
&lt;p&gt;What’s this — 这是什么&lt;/p&gt;
&lt;/blockquote&gt;

&lt;p&gt;++Red Skull++（红骷髅）&lt;/p&gt;

&lt;blockquote&gt;
&lt;p&gt;The price — 代价&lt;/p&gt;

&lt;p&gt;Soul holds a special place among the infinity stones, you might say it has a certain wisdom — 灵魂宝石在众多无限宝石中有特殊的地位，或者说有一种特殊的智慧&lt;/p&gt;
&lt;/blockquote&gt;

&lt;p&gt;++Thanos++（灭霸）这里灭霸还没意识到代价是什么&lt;/p&gt;

&lt;blockquote&gt;
&lt;p&gt;Tall me what it needs — 告诉我它需要什么&lt;/p&gt;
&lt;/blockquote&gt;

&lt;p&gt;++Red Skull++（红骷髅）&lt;/p&gt;

&lt;blockquote&gt;
&lt;p&gt;to ensure that whoever possesses it understands its power… 为了保证持拥有它的人明白它的威力&lt;/p&gt;

&lt;p&gt;the stone demands a sacrifice — 宝石需要一样「牺牲」&lt;/p&gt;
&lt;/blockquote&gt;

&lt;p&gt;++Thanos++（灭霸）&lt;/p&gt;

&lt;blockquote&gt;
&lt;p&gt;of what — 什么&lt;/p&gt;
&lt;/blockquote&gt;

&lt;p&gt;++Red Skull++（红骷髅）&lt;/p&gt;

&lt;blockquote&gt;
&lt;p&gt;in order to take the stone, you must lose that which you love — 为了得到宝石，你必须牺牲一件你的至爱&lt;/p&gt;

&lt;p&gt;a soul for a soul — 一个灵魂换一个灵魂&lt;/p&gt;
&lt;/blockquote&gt;

&lt;p&gt;注意此时灭霸和卡魔拉的心理状态的不同：&lt;/p&gt;

&lt;p&gt;灭霸陷入了沉思，他可能在思考什么才算得上是自己的&lt;strong&gt;至爱&lt;/strong&gt;，他一生做的事情太多，但回想起来似乎连自己都找不到哪件事情能表现出他的&lt;strong&gt;爱&lt;/strong&gt;&lt;/p&gt;

&lt;p&gt;&lt;img src=&#34;https://i.loli.net/2019/06/07/5cfa30753119d16205.png&#34; alt=&#34;thanos-3.png&#34; /&gt;&lt;/p&gt;

&lt;p&gt;此时卡魔拉内心窃喜，因为在她看来灭霸没有半点人性，更谈不上&lt;strong&gt;爱&lt;/strong&gt;&lt;/p&gt;

&lt;p&gt;&lt;img src=&#34;https://i.loli.net/2019/06/07/5cfa3a0ab768b68906.png&#34; alt=&#34;gemera.png&#34; /&gt;&lt;/p&gt;

&lt;p&gt;于是他说了下面这段现在看来很残忍的话：&lt;/p&gt;

&lt;p&gt;++Gamora++（卡魔拉）&lt;/p&gt;

&lt;blockquote&gt;
&lt;p&gt;all my life, i dreamed of a day… a moment… — 我一生都梦想有一天，此刻…&lt;/p&gt;

&lt;p&gt;when you got what you deserved. and i always so disappointed. — 每当你如尝所愿，我就对你恨之入骨&lt;/p&gt;

&lt;p&gt;But now… — 但是现在…&lt;/p&gt;

&lt;p&gt;you kill and torture… and you call it mercy. — 你暴虐滥杀无辜… 你自许仁慈.&lt;/p&gt;

&lt;p&gt;The universe has judged you. — 现在老天终于要惩罚你.&lt;/p&gt;

&lt;p&gt;You asked it for a prize, and it told you no. — 你想用一个条件换宝石，但是你不会特呈的.&lt;/p&gt;

&lt;p&gt;You failed. — 而且你已经输了.&lt;/p&gt;

&lt;p&gt;And do you wanna know why? — 想知道为什么吗？&lt;/p&gt;

&lt;p&gt;Because you love nothing, no one — 因为你从来没有爱过，一次都没有&lt;/p&gt;
&lt;/blockquote&gt;

&lt;p&gt;&lt;img src=&#34;https://i.loli.net/2019/06/07/5cfa3def13d1785925.png&#34; alt=&#34;thanos-5.png&#34; /&gt;&lt;/p&gt;

&lt;p&gt;这段话字字珠玑，开始或许灭霸还没有意思到自己至爱到底是什么，但是没过多久他就开始意识到自己的至爱就是卡魔拉，此时眼角已经有泪痕。&lt;/p&gt;

&lt;p&gt;此时剧情已到了关键的转折点，灭霸的背影则暗喻着一位父亲的高大形象&lt;/p&gt;

&lt;p&gt;&lt;img src=&#34;https://i.loli.net/2019/06/07/5cfa3e3c5f93082010.png&#34; alt=&#34;thanos-6.png&#34; /&gt;&lt;/p&gt;

&lt;p&gt;++Thanos++（灭霸）&lt;/p&gt;

&lt;blockquote&gt;
&lt;p&gt;No. — 不.&lt;/p&gt;
&lt;/blockquote&gt;

&lt;p&gt;注意此刻的灭霸说 No 的语气，绝对不是想去否定些什么，而像是一种安慰。充满爱意的「No」，如果他是其它角色相信后面的台词都出自动出现在我们脑子里「No, my litter gril, i love you more than i can say…」&lt;/p&gt;

&lt;p&gt;&lt;img src=&#34;https://i.loli.net/2019/06/07/5cfa3e3c25fb821207.png&#34; alt=&#34;thanos-7.png&#34; /&gt;&lt;/p&gt;

&lt;p&gt;灭霸实际上是非常的孤独，所有他的想法都不被周围的人认可，虽然他强大的内心可以完全不在意外人的评判，但是他还做不到不在乎自己的女儿对他的评价。所以反射性的去否定卡魔拉，他非常坚定的相信自己是爱自己女儿的，同时也表露出了即将要失去女儿的真挚情感。&lt;/p&gt;

&lt;p&gt;++Gamora++（卡魔拉）此时的卡魔拉还没有反应过来，她认为灭霸是因为自己的计划无法得逞而为自己流泪。&lt;/p&gt;

&lt;blockquote&gt;
&lt;p&gt;Really, tears? — 真的吗，你也会为自己流泪？&lt;/p&gt;
&lt;/blockquote&gt;

&lt;p&gt;她还没有发现自己在恨父亲的同时实际上对灭霸也是有感情的，正所谓爱之深、恨之切…&lt;/p&gt;

&lt;p&gt;++Red Skull++（红骷髅）&lt;/p&gt;

&lt;blockquote&gt;
&lt;p&gt;They’are not for him. — 他并不是为自己&lt;/p&gt;
&lt;/blockquote&gt;

&lt;p&gt;&lt;img src=&#34;https://i.loli.net/2019/06/07/5cfa427e13e4589803.png&#34; alt=&#34;thanos-10.png&#34; /&gt;&lt;/p&gt;

&lt;p&gt;还没来得及反应，红骷髅的话惊醒了她，同时她似乎也感受到了她与灭霸之间的那份父女之情（脸色表情也开始变化，赞演技），真正的爱恰恰是只能通过感觉而来，不用任何语言来表达的。&lt;/p&gt;

&lt;p&gt;内心已经感觉到了自己与灭霸之间的亲情，这是无法否定的，此时她也陷入了无助&lt;/p&gt;

&lt;p&gt;&lt;img src=&#34;https://i.loli.net/2019/06/07/5cfa43e0b722a29444.png&#34; alt=&#34;thanos-11.png&#34; /&gt;&lt;/p&gt;

&lt;p&gt;虽然是这样理智还是让她不肯相信这个事实，于是卡魔拉也开始否定。&lt;/p&gt;

&lt;blockquote&gt;
&lt;p&gt;No, this isn’t love — 不，这不是爱&lt;/p&gt;
&lt;/blockquote&gt;

&lt;p&gt;++Thanos++（灭霸）很难想像灭霸在这一小段时间内，内心情绪有多么的复杂。他终其一生想要完成的事业却要让他失去至爱。他是一个无比理想化的存在，为了自己的理想可以放弃任何东西，而且他已经错过一次命运，所以这次他选择了完成自己的宿命。&lt;/p&gt;

&lt;blockquote&gt;
&lt;p&gt;I ignored my destiny once, i can&amp;rsquo;t do that again, Even for you — 我已经错过一次命运了，不能再错一次，即使以失去你为代价&lt;/p&gt;
&lt;/blockquote&gt;

&lt;p&gt;&lt;img src=&#34;https://i.loli.net/2019/06/07/5cfa4998da76121144.png&#34; alt=&#34;thanos-12.png&#34; /&gt;&lt;/p&gt;

&lt;p&gt;此时灭霸的脸上完成没有了恶霸的冷酷表情，而是一种对于将要失去至爱的无助与失落…&lt;/p&gt;

&lt;p&gt;&lt;img src=&#34;https://i.loli.net/2019/06/07/5cfa4a2cdcbce18508.png&#34; alt=&#34;thanos-13.png&#34; /&gt;&lt;/p&gt;

&lt;p&gt;接着他亲手将自己的女儿仍下悬崖，但此刻灭霸的表情似乎呆住了，可能他自己也不能相信他自己的所做所为&lt;/p&gt;

&lt;p&gt;&lt;img src=&#34;https://i.loli.net/2019/06/07/5cfa4a56d1b2f91572.png&#34; alt=&#34;thanos-14.png&#34; /&gt;&lt;/p&gt;

&lt;p&gt;&lt;img src=&#34;https://i.loli.net/2019/06/07/5cfa4aed84ed566262.png&#34; alt=&#34;thanos-15.png&#34; /&gt;&lt;/p&gt;

&lt;h3 id=&#34;自己的信念-理想线&#34;&gt;自己的信念（理想线）&lt;/h3&gt;

&lt;p&gt;一个从不说谎的人只有一种可能，就是及其的理想主义，在他们的认知里面只有真理、对错以及自己的信念。从灭霸和卡魔拉的对话就能看出。&lt;/p&gt;

&lt;blockquote&gt;
&lt;p&gt;You are strong — me&lt;/p&gt;

&lt;p&gt;You&amp;rsquo;re generous — me&lt;/p&gt;

&lt;p&gt;But i never taought you to lie&lt;/p&gt;
&lt;/blockquote&gt;

&lt;p&gt;当然外在的的强大只是陪衬，他身上最能感染人的是那种不惜一切代价追求自己理想的一种信仰&lt;/p&gt;

&lt;p&gt;从这个层面来讲，钢铁侠和灭霸的信仰是平等的。在这个层面他们之间没有矛盾，没有正义/邪恶 之分。理由很简单：&lt;strong&gt;你认为拯救更多的人类是你的正确信仰，那我认为通过随机消灭一半生命可以让宇宙达到一种平衡也是我的正确信仰&lt;/strong&gt;。&lt;/p&gt;

&lt;p&gt;托尼和灭霸想要维护的东西不在一个层面上，所以无法判断对方是否正确。我觉得复联3留给观众的一个最大的问题就是&lt;/p&gt;

&lt;blockquote&gt;
&lt;p&gt;托尼拯救地球的理想是理想，那灭霸要维护宇宙的平衡的理想算不算是理想？&lt;/p&gt;
&lt;/blockquote&gt;

&lt;p&gt;人类看待这个问题会受限于自身的环境，理性上受制于时间空间，感性上受制于感情。所以在这个问题上多数人连判断的资格都没有&lt;/p&gt;

&lt;p&gt;第3部在我看来是这一个巨大的切入点，并期待第4部能有所解释&lt;/p&gt;

&lt;h2 id=&#34;回头再看复联4&#34;&gt;回头再看复联4&lt;/h2&gt;

&lt;p&gt;仅过了一年，我带着期待去看了复联4，但并没有达到我的预期。因为大家都了把复联当成了一部电视剧在看。电影本身也几乎没有了电影的元素，除了各种超级英雄的梗外我实在没看出来有什么亮点。&lt;/p&gt;

&lt;p&gt;这可能也符合了事物发展的规律，当有太多人喜欢一样东西、追求一样东西的时候事情就变味儿了，毕竟电影公司做为商业机构是要维护自己的品牌，要照顾多数人的情感。就好比电视剧演久了观众就会有了心理预期，很难创新一样。&lt;/p&gt;

&lt;p&gt;但是复联4做为 MCU 电影的标致性阶段，也算是一个好的结尾，毕竟要照顾到多数的人喜好，同时要融合各种英雄人物的离场，还要演的不那么生硬确实太难了。&lt;/p&gt;

&lt;p&gt;总的来说，复联3杂而不乱，主线支线明显，影片整体有层次感，剧情紧凑连续演员的演技也非常棒。复联4则是让所有普通的每一个人（类）都享受到了一种胜利的喜悦。&lt;/p&gt;
</description>
    </item>
    
  </channel>
</rss>