<rss version="2.0" xmlns:atom="http://www.w3.org/2005/Atom">
  <channel>
    <title>Tags on 臨池不輟</title>
    <link>https://keelii.com/tags/</link>
    <description>Recent content in Tags on 臨池不輟</description>
    <generator>Hugo -- gohugo.io</generator>
    <language>zh-CN</language>
    <lastBuildDate>Fri, 14 Aug 2020 19:18:33 -0700</lastBuildDate>
    
        <atom:link href="https://keelii.com/tags/atom.xml" rel="self" type="application/rss+xml" />
    
    
    <item>
      <title>deno</title>
      <link>https://keelii.com/tags/deno/</link>
      <pubDate>Fri, 14 Aug 2020 19:18:33 -0700</pubDate>
      
      <guid>https://keelii.com/tags/deno/</guid>
      <description></description>
    </item>
    
    <item>
      <title>javascript</title>
      <link>https://keelii.com/tags/javascript/</link>
      <pubDate>Fri, 14 Aug 2020 19:18:33 -0700</pubDate>
      
      <guid>https://keelii.com/tags/javascript/</guid>
      <description></description>
    </item>
    
    <item>
      <title>typescript</title>
      <link>https://keelii.com/tags/typescript/</link>
      <pubDate>Fri, 14 Aug 2020 19:18:33 -0700</pubDate>
      
      <guid>https://keelii.com/tags/typescript/</guid>
      <description></description>
    </item>
    
    <item>
      <title>http</title>
      <link>https://keelii.com/tags/http/</link>
      <pubDate>Sat, 06 Jul 2019 18:33:27 +0000</pubDate>
      
      <guid>https://keelii.com/tags/http/</guid>
      <description></description>
    </item>
    
    <item>
      <title>python</title>
      <link>https://keelii.com/tags/python/</link>
      <pubDate>Sat, 06 Jul 2019 18:33:27 +0000</pubDate>
      
      <guid>https://keelii.com/tags/python/</guid>
      <description></description>
    </item>
    
    <item>
      <title>nestjs</title>
      <link>https://keelii.com/tags/nestjs/</link>
      <pubDate>Wed, 03 Jul 2019 18:10:00 -0700</pubDate>
      
      <guid>https://keelii.com/tags/nestjs/</guid>
      <description></description>
    </item>
    
    <item>
      <title>game</title>
      <link>https://keelii.com/tags/game/</link>
      <pubDate>Tue, 19 Mar 2019 19:20:04 -0700</pubDate>
      
      <guid>https://keelii.com/tags/game/</guid>
      <description></description>
    </item>
    
    <item>
      <title>pixi.js</title>
      <link>https://keelii.com/tags/pixi.js/</link>
      <pubDate>Tue, 19 Mar 2019 19:20:04 -0700</pubDate>
      
      <guid>https://keelii.com/tags/pixi.js/</guid>
      <description></description>
    </item>
    
    <item>
      <title>electron</title>
      <link>https://keelii.com/tags/electron/</link>
      <pubDate>Thu, 14 Mar 2019 19:20:04 -0700</pubDate>
      
      <guid>https://keelii.com/tags/electron/</guid>
      <description></description>
    </item>
    
    <item>
      <title>parcel</title>
      <link>https://keelii.com/tags/parcel/</link>
      <pubDate>Thu, 14 Mar 2019 19:20:04 -0700</pubDate>
      
      <guid>https://keelii.com/tags/parcel/</guid>
      <description></description>
    </item>
    
    <item>
      <title>css</title>
      <link>https://keelii.com/tags/css/</link>
      <pubDate>Wed, 06 Mar 2019 19:19:24 +0000</pubDate>
      
      <guid>https://keelii.com/tags/css/</guid>
      <description></description>
    </item>
    
    <item>
      <title>html</title>
      <link>https://keelii.com/tags/html/</link>
      <pubDate>Wed, 06 Mar 2019 19:19:24 +0000</pubDate>
      
      <guid>https://keelii.com/tags/html/</guid>
      <description></description>
    </item>
    
    <item>
      <title>empathy</title>
      <link>https://keelii.com/tags/empathy/</link>
      <pubDate>Sun, 06 Jan 2019 19:29:27 +0000</pubDate>
      
      <guid>https://keelii.com/tags/empathy/</guid>
      <description></description>
    </item>
    
    <item>
      <title>equality</title>
      <link>https://keelii.com/tags/equality/</link>
      <pubDate>Sun, 06 Jan 2019 19:29:27 +0000</pubDate>
      
      <guid>https://keelii.com/tags/equality/</guid>
      <description></description>
    </item>
    
    <item>
      <title>editor</title>
      <link>https://keelii.com/tags/editor/</link>
      <pubDate>Sun, 09 Dec 2018 17:59:45 +0800</pubDate>
      
      <guid>https://keelii.com/tags/editor/</guid>
      <description></description>
    </item>
    
    <item>
      <title>FE</title>
      <link>https://keelii.com/tags/FE/</link>
      <pubDate>Sun, 02 Dec 2018 19:10:24 +0000</pubDate>
      
      <guid>https://keelii.com/tags/FE/</guid>
      <description></description>
    </item>
    
    <item>
      <title>webdev</title>
      <link>https://keelii.com/tags/webdev/</link>
      <pubDate>Sun, 02 Dec 2018 19:10:24 +0000</pubDate>
      
      <guid>https://keelii.com/tags/webdev/</guid>
      <description></description>
    </item>
    
    <item>
      <title>wechat</title>
      <link>https://keelii.com/tags/wechat/</link>
      <pubDate>Sun, 25 Nov 2018 19:10:24 +0000</pubDate>
      
      <guid>https://keelii.com/tags/wechat/</guid>
      <description></description>
    </item>
    
    <item>
      <title>shopping</title>
      <link>https://keelii.com/tags/shopping/</link>
      <pubDate>Sat, 17 Nov 2018 19:10:24 +0000</pubDate>
      
      <guid>https://keelii.com/tags/shopping/</guid>
      <description></description>
    </item>
    
    <item>
      <title>ad</title>
      <link>https://keelii.com/tags/ad/</link>
      <pubDate>Sun, 04 Nov 2018 19:10:24 +0000</pubDate>
      
      <guid>https://keelii.com/tags/ad/</guid>
      <description></description>
    </item>
    
    <item>
      <title>video</title>
      <link>https://keelii.com/tags/video/</link>
      <pubDate>Sun, 04 Nov 2018 19:10:24 +0000</pubDate>
      
      <guid>https://keelii.com/tags/video/</guid>
      <description></description>
    </item>
    
    <item>
      <title>youtube</title>
      <link>https://keelii.com/tags/youtube/</link>
      <pubDate>Sun, 04 Nov 2018 19:10:24 +0000</pubDate>
      
      <guid>https://keelii.com/tags/youtube/</guid>
      <description></description>
    </item>
    
    <item>
      <title>technology</title>
      <link>https://keelii.com/tags/technology/</link>
      <pubDate>Sat, 27 Oct 2018 19:10:24 +0000</pubDate>
      
      <guid>https://keelii.com/tags/technology/</guid>
      <description></description>
    </item>
    
    <item>
      <title>android</title>
      <link>https://keelii.com/tags/android/</link>
      <pubDate>Mon, 15 Oct 2018 19:10:24 +0000</pubDate>
      
      <guid>https://keelii.com/tags/android/</guid>
      <description></description>
    </item>
    
    <item>
      <title>apple</title>
      <link>https://keelii.com/tags/apple/</link>
      <pubDate>Mon, 15 Oct 2018 19:10:24 +0000</pubDate>
      
      <guid>https://keelii.com/tags/apple/</guid>
      <description></description>
    </item>
    
    <item>
      <title>google</title>
      <link>https://keelii.com/tags/google/</link>
      <pubDate>Mon, 15 Oct 2018 19:10:24 +0000</pubDate>
      
      <guid>https://keelii.com/tags/google/</guid>
      <description></description>
    </item>
    
    <item>
      <title>iOS</title>
      <link>https://keelii.com/tags/iOS/</link>
      <pubDate>Mon, 15 Oct 2018 19:10:24 +0000</pubDate>
      
      <guid>https://keelii.com/tags/iOS/</guid>
      <description></description>
    </item>
    
    <item>
      <title>socket</title>
      <link>https://keelii.com/tags/socket/</link>
      <pubDate>Mon, 24 Sep 2018 19:10:27 +0000</pubDate>
      
      <guid>https://keelii.com/tags/socket/</guid>
      <description></description>
    </item>
    
    <item>
      <title>fzf</title>
      <link>https://keelii.com/tags/fzf/</link>
      <pubDate>Sun, 12 Aug 2018 19:20:04 -0700</pubDate>
      
      <guid>https://keelii.com/tags/fzf/</guid>
      <description></description>
    </item>
    
    <item>
      <title>vim</title>
      <link>https://keelii.com/tags/vim/</link>
      <pubDate>Sun, 12 Aug 2018 19:20:04 -0700</pubDate>
      
      <guid>https://keelii.com/tags/vim/</guid>
      <description></description>
    </item>
    
    <item>
      <title>jQuery</title>
      <link>https://keelii.com/tags/jQuery/</link>
      <pubDate>Fri, 25 May 2018 19:20:04 -0700</pubDate>
      
      <guid>https://keelii.com/tags/jQuery/</guid>
      <description></description>
    </item>
    
    <item>
      <title>host</title>
      <link>https://keelii.com/tags/host/</link>
      <pubDate>Tue, 07 Nov 2017 12:51:27 +0000</pubDate>
      
      <guid>https://keelii.com/tags/host/</guid>
      <description></description>
    </item>
    
    <item>
      <title>plugin</title>
      <link>https://keelii.com/tags/plugin/</link>
      <pubDate>Tue, 07 Nov 2017 12:51:27 +0000</pubDate>
      
      <guid>https://keelii.com/tags/plugin/</guid>
      <description></description>
    </item>
    
    <item>
      <title>parseDependencies</title>
      <link>https://keelii.com/tags/parseDependencies/</link>
      <pubDate>Fri, 03 Nov 2017 15:51:27 +0000</pubDate>
      
      <guid>https://keelii.com/tags/parseDependencies/</guid>
      <description></description>
    </item>
    
    <item>
      <title>seajs</title>
      <link>https://keelii.com/tags/seajs/</link>
      <pubDate>Fri, 03 Nov 2017 15:51:27 +0000</pubDate>
      
      <guid>https://keelii.com/tags/seajs/</guid>
      <description></description>
    </item>
    
    <item>
      <title>dev</title>
      <link>https://keelii.com/tags/dev/</link>
      <pubDate>Sat, 07 Oct 2017 17:19:27 +0000</pubDate>
      
      <guid>https://keelii.com/tags/dev/</guid>
      <description></description>
    </item>
    
    <item>
      <title>mac</title>
      <link>https://keelii.com/tags/mac/</link>
      <pubDate>Sat, 07 Oct 2017 17:19:27 +0000</pubDate>
      
      <guid>https://keelii.com/tags/mac/</guid>
      <description></description>
    </item>
    
    <item>
      <title>command</title>
      <link>https://keelii.com/tags/command/</link>
      <pubDate>Tue, 03 Oct 2017 17:10:27 +0000</pubDate>
      
      <guid>https://keelii.com/tags/command/</guid>
      <description></description>
    </item>
    
    <item>
      <title>keymap</title>
      <link>https://keelii.com/tags/keymap/</link>
      <pubDate>Tue, 03 Oct 2017 17:10:27 +0000</pubDate>
      
      <guid>https://keelii.com/tags/keymap/</guid>
      <description></description>
    </item>
    
    <item>
      <title>win</title>
      <link>https://keelii.com/tags/win/</link>
      <pubDate>Tue, 03 Oct 2017 17:10:27 +0000</pubDate>
      
      <guid>https://keelii.com/tags/win/</guid>
      <description></description>
    </item>
    
    <item>
      <title>eslint</title>
      <link>https://keelii.com/tags/eslint/</link>
      <pubDate>Sat, 29 Apr 2017 17:17:24 +0800</pubDate>
      
      <guid>https://keelii.com/tags/eslint/</guid>
      <description></description>
    </item>
    
    <item>
      <title>nginx</title>
      <link>https://keelii.com/tags/nginx/</link>
      <pubDate>Sat, 22 Apr 2017 11:19:58 +0800</pubDate>
      
      <guid>https://keelii.com/tags/nginx/</guid>
      <description></description>
    </item>
    
    <item>
      <title>RA</title>
      <link>https://keelii.com/tags/RA/</link>
      <pubDate>Sun, 19 Feb 2017 15:10:38 +0800</pubDate>
      
      <guid>https://keelii.com/tags/RA/</guid>
      <description></description>
    </item>
    
    <item>
      <title>operation</title>
      <link>https://keelii.com/tags/operation/</link>
      <pubDate>Sun, 19 Feb 2017 15:10:38 +0800</pubDate>
      
      <guid>https://keelii.com/tags/operation/</guid>
      <description></description>
    </item>
    
    <item>
      <title>set</title>
      <link>https://keelii.com/tags/set/</link>
      <pubDate>Sun, 19 Feb 2017 15:10:38 +0800</pubDate>
      
      <guid>https://keelii.com/tags/set/</guid>
      <description></description>
    </item>
    
    <item>
      <title>powerset</title>
      <link>https://keelii.com/tags/powerset/</link>
      <pubDate>Thu, 22 Dec 2016 15:55:52 +0800</pubDate>
      
      <guid>https://keelii.com/tags/powerset/</guid>
      <description></description>
    </item>
    
    <item>
      <title>sku</title>
      <link>https://keelii.com/tags/sku/</link>
      <pubDate>Thu, 22 Dec 2016 15:55:52 +0800</pubDate>
      
      <guid>https://keelii.com/tags/sku/</guid>
      <description></description>
    </item>
    
    <item>
      <title>macro</title>
      <link>https://keelii.com/tags/macro/</link>
      <pubDate>Mon, 21 Nov 2016 12:39:49 +0800</pubDate>
      
      <guid>https://keelii.com/tags/macro/</guid>
      <description></description>
    </item>
    
    <item>
      <title>modifier</title>
      <link>https://keelii.com/tags/modifier/</link>
      <pubDate>Mon, 21 Nov 2016 12:39:49 +0800</pubDate>
      
      <guid>https://keelii.com/tags/modifier/</guid>
      <description></description>
    </item>
    
    <item>
      <title>template</title>
      <link>https://keelii.com/tags/template/</link>
      <pubDate>Mon, 21 Nov 2016 12:39:49 +0800</pubDate>
      
      <guid>https://keelii.com/tags/template/</guid>
      <description></description>
    </item>
    
    <item>
      <title>NodeJS</title>
      <link>https://keelii.com/tags/NodeJS/</link>
      <pubDate>Thu, 17 Nov 2016 09:55:41 +0800</pubDate>
      
      <guid>https://keelii.com/tags/NodeJS/</guid>
      <description></description>
    </item>
    
    <item>
      <title>PhantomJS</title>
      <link>https://keelii.com/tags/PhantomJS/</link>
      <pubDate>Thu, 17 Nov 2016 09:55:41 +0800</pubDate>
      
      <guid>https://keelii.com/tags/PhantomJS/</guid>
      <description></description>
    </item>
    
    <item>
      <title>monitor</title>
      <link>https://keelii.com/tags/monitor/</link>
      <pubDate>Thu, 17 Nov 2016 09:55:41 +0800</pubDate>
      
      <guid>https://keelii.com/tags/monitor/</guid>
      <description></description>
    </item>
    
    <item>
      <title>hugo</title>
      <link>https://keelii.com/tags/hugo/</link>
      <pubDate>Tue, 25 Oct 2016 13:27:20 +0800</pubDate>
      
      <guid>https://keelii.com/tags/hugo/</guid>
      <description></description>
    </item>
    
    <item>
      <title>octopress</title>
      <link>https://keelii.com/tags/octopress/</link>
      <pubDate>Tue, 25 Oct 2016 13:27:20 +0800</pubDate>
      
      <guid>https://keelii.com/tags/octopress/</guid>
      <description></description>
    </item>
    
    <item>
      <title>macbook</title>
      <link>https://keelii.com/tags/macbook/</link>
      <pubDate>Tue, 04 Oct 2016 17:22:29 +0800</pubDate>
      
      <guid>https://keelii.com/tags/macbook/</guid>
      <description></description>
    </item>
    
    <item>
      <title>item</title>
      <link>https://keelii.com/tags/item/</link>
      <pubDate>Sun, 31 Jul 2016 10:48:57 +0800</pubDate>
      
      <guid>https://keelii.com/tags/item/</guid>
      <description></description>
    </item>
    
    <item>
      <title>MinGW</title>
      <link>https://keelii.com/tags/MinGW/</link>
      <pubDate>Tue, 14 Jun 2016 10:39:40 +0800</pubDate>
      
      <guid>https://keelii.com/tags/MinGW/</guid>
      <description></description>
    </item>
    
    <item>
      <title>gVim</title>
      <link>https://keelii.com/tags/gVim/</link>
      <pubDate>Mon, 13 Jun 2016 21:25:57 +0800</pubDate>
      
      <guid>https://keelii.com/tags/gVim/</guid>
      <description></description>
    </item>
    
    <item>
      <title>encrypt</title>
      <link>https://keelii.com/tags/encrypt/</link>
      <pubDate>Sun, 12 Jun 2016 18:04:47 +0800</pubDate>
      
      <guid>https://keelii.com/tags/encrypt/</guid>
      <description></description>
    </item>
    
    <item>
      <title>https</title>
      <link>https://keelii.com/tags/https/</link>
      <pubDate>Sun, 12 Jun 2016 18:04:47 +0800</pubDate>
      
      <guid>https://keelii.com/tags/https/</guid>
      <description></description>
    </item>
    
    <item>
      <title>throttle</title>
      <link>https://keelii.com/tags/throttle/</link>
      <pubDate>Sat, 11 Jun 2016 06:52:57 +0800</pubDate>
      
      <guid>https://keelii.com/tags/throttle/</guid>
      <description></description>
    </item>
    
  </channel>
</rss>