<rss version="2.0" xmlns:atom="http://www.w3.org/2005/Atom">
  <channel>
    <title>Categories on 臨池不輟</title>
    <link>https://keelii.com/categories/</link>
    <description>Recent content in Categories on 臨池不輟</description>
    <generator>Hugo -- gohugo.io</generator>
    <language>zh-CN</language>
    <lastBuildDate>Fri, 14 Aug 2020 19:18:33 -0700</lastBuildDate>
    
        <atom:link href="https://keelii.com/categories/atom.xml" rel="self" type="application/rss+xml" />
    
    
    <item>
      <title>fe</title>
      <link>https://keelii.com/categories/fe/</link>
      <pubDate>Fri, 14 Aug 2020 19:18:33 -0700</pubDate>
      
      <guid>https://keelii.com/categories/fe/</guid>
      <description></description>
    </item>
    
    <item>
      <title>java</title>
      <link>https://keelii.com/categories/java/</link>
      <pubDate>Sun, 24 Nov 2019 18:33:24 +0000</pubDate>
      
      <guid>https://keelii.com/categories/java/</guid>
      <description></description>
    </item>
    
    <item>
      <title>philosophy</title>
      <link>https://keelii.com/categories/philosophy/</link>
      <pubDate>Sun, 25 Aug 2019 18:33:24 +0000</pubDate>
      
      <guid>https://keelii.com/categories/philosophy/</guid>
      <description></description>
    </item>
    
    <item>
      <title>programming</title>
      <link>https://keelii.com/categories/programming/</link>
      <pubDate>Sun, 25 Aug 2019 18:33:24 +0000</pubDate>
      
      <guid>https://keelii.com/categories/programming/</guid>
      <description></description>
    </item>
    
    <item>
      <title>concept</title>
      <link>https://keelii.com/categories/concept/</link>
      <pubDate>Sat, 06 Jul 2019 18:33:27 +0000</pubDate>
      
      <guid>https://keelii.com/categories/concept/</guid>
      <description></description>
    </item>
    
    <item>
      <title>javascript</title>
      <link>https://keelii.com/categories/javascript/</link>
      <pubDate>Wed, 03 Jul 2019 18:10:00 -0700</pubDate>
      
      <guid>https://keelii.com/categories/javascript/</guid>
      <description></description>
    </item>
    
    <item>
      <title>movie</title>
      <link>https://keelii.com/categories/movie/</link>
      <pubDate>Thu, 20 Jun 2019 18:33:24 +0000</pubDate>
      
      <guid>https://keelii.com/categories/movie/</guid>
      <description></description>
    </item>
    
    <item>
      <title>markdown</title>
      <link>https://keelii.com/categories/markdown/</link>
      <pubDate>Thu, 06 Jun 2019 18:33:24 +0000</pubDate>
      
      <guid>https://keelii.com/categories/markdown/</guid>
      <description></description>
    </item>
    
    <item>
      <title>editor</title>
      <link>https://keelii.com/categories/editor/</link>
      <pubDate>Sun, 09 Dec 2018 17:59:45 +0800</pubDate>
      
      <guid>https://keelii.com/categories/editor/</guid>
      <description></description>
    </item>
    
    <item>
      <title>OS</title>
      <link>https://keelii.com/categories/OS/</link>
      <pubDate>Mon, 15 Oct 2018 19:10:24 +0000</pubDate>
      
      <guid>https://keelii.com/categories/OS/</guid>
      <description></description>
    </item>
    
    <item>
      <title>python</title>
      <link>https://keelii.com/categories/python/</link>
      <pubDate>Mon, 24 Sep 2018 19:10:27 +0000</pubDate>
      
      <guid>https://keelii.com/categories/python/</guid>
      <description></description>
    </item>
    
    <item>
      <title>shell</title>
      <link>https://keelii.com/categories/shell/</link>
      <pubDate>Mon, 03 Sep 2018 19:10:27 +0000</pubDate>
      
      <guid>https://keelii.com/categories/shell/</guid>
      <description></description>
    </item>
    
    <item>
      <title>vim</title>
      <link>https://keelii.com/categories/vim/</link>
      <pubDate>Sun, 26 Aug 2018 17:59:45 +0800</pubDate>
      
      <guid>https://keelii.com/categories/vim/</guid>
      <description></description>
    </item>
    
    <item>
      <title>chrome</title>
      <link>https://keelii.com/categories/chrome/</link>
      <pubDate>Tue, 07 Nov 2017 12:51:27 +0000</pubDate>
      
      <guid>https://keelii.com/categories/chrome/</guid>
      <description></description>
    </item>
    
    <item>
      <title>webdev</title>
      <link>https://keelii.com/categories/webdev/</link>
      <pubDate>Tue, 07 Nov 2017 12:51:27 +0000</pubDate>
      
      <guid>https://keelii.com/categories/webdev/</guid>
      <description></description>
    </item>
    
    <item>
      <title>WebDev</title>
      <link>https://keelii.com/categories/WebDev/</link>
      <pubDate>Sat, 07 Oct 2017 17:19:27 +0000</pubDate>
      
      <guid>https://keelii.com/categories/WebDev/</guid>
      <description></description>
    </item>
    
    <item>
      <title>mac</title>
      <link>https://keelii.com/categories/mac/</link>
      <pubDate>Sat, 07 Oct 2017 17:19:27 +0000</pubDate>
      
      <guid>https://keelii.com/categories/mac/</guid>
      <description></description>
    </item>
    
    <item>
      <title>sublime text</title>
      <link>https://keelii.com/categories/sublime-text/</link>
      <pubDate>Sat, 29 Apr 2017 17:17:24 +0800</pubDate>
      
      <guid>https://keelii.com/categories/sublime-text/</guid>
      <description></description>
    </item>
    
    <item>
      <title>Linux</title>
      <link>https://keelii.com/categories/Linux/</link>
      <pubDate>Sat, 22 Apr 2017 11:19:58 +0800</pubDate>
      
      <guid>https://keelii.com/categories/Linux/</guid>
      <description></description>
    </item>
    
    <item>
      <title>Server</title>
      <link>https://keelii.com/categories/Server/</link>
      <pubDate>Sat, 22 Apr 2017 11:19:58 +0800</pubDate>
      
      <guid>https://keelii.com/categories/Server/</guid>
      <description></description>
    </item>
    
    <item>
      <title>database</title>
      <link>https://keelii.com/categories/database/</link>
      <pubDate>Sun, 19 Feb 2017 15:10:38 +0800</pubDate>
      
      <guid>https://keelii.com/categories/database/</guid>
      <description></description>
    </item>
    
    <item>
      <title>math</title>
      <link>https://keelii.com/categories/math/</link>
      <pubDate>Sun, 19 Feb 2017 15:10:38 +0800</pubDate>
      
      <guid>https://keelii.com/categories/math/</guid>
      <description></description>
    </item>
    
    <item>
      <title>algorithm</title>
      <link>https://keelii.com/categories/algorithm/</link>
      <pubDate>Thu, 22 Dec 2016 15:55:52 +0800</pubDate>
      
      <guid>https://keelii.com/categories/algorithm/</guid>
      <description></description>
    </item>
    
    <item>
      <title>jd</title>
      <link>https://keelii.com/categories/jd/</link>
      <pubDate>Thu, 22 Dec 2016 15:55:52 +0800</pubDate>
      
      <guid>https://keelii.com/categories/jd/</guid>
      <description></description>
    </item>
    
    <item>
      <title>template_engine</title>
      <link>https://keelii.com/categories/template_engine/</link>
      <pubDate>Mon, 21 Nov 2016 12:39:49 +0800</pubDate>
      
      <guid>https://keelii.com/categories/template_engine/</guid>
      <description></description>
    </item>
    
    <item>
      <title>blog</title>
      <link>https://keelii.com/categories/blog/</link>
      <pubDate>Tue, 25 Oct 2016 13:27:20 +0800</pubDate>
      
      <guid>https://keelii.com/categories/blog/</guid>
      <description></description>
    </item>
    
    <item>
      <title>Event</title>
      <link>https://keelii.com/categories/Event/</link>
      <pubDate>Thu, 29 Sep 2016 17:22:29 +0800</pubDate>
      
      <guid>https://keelii.com/categories/Event/</guid>
      <description></description>
    </item>
    
    <item>
      <title>JavaScript_The_Definitive_Guide</title>
      <link>https://keelii.com/categories/JavaScript_The_Definitive_Guide/</link>
      <pubDate>Fri, 12 Aug 2016 15:36:59 +0800</pubDate>
      
      <guid>https://keelii.com/categories/JavaScript_The_Definitive_Guide/</guid>
      <description></description>
    </item>
    
    <item>
      <title>lisp</title>
      <link>https://keelii.com/categories/lisp/</link>
      <pubDate>Mon, 04 Jul 2016 09:32:45 +0800</pubDate>
      
      <guid>https://keelii.com/categories/lisp/</guid>
      <description></description>
    </item>
    
    <item>
      <title>VIM</title>
      <link>https://keelii.com/categories/VIM/</link>
      <pubDate>Tue, 14 Jun 2016 10:39:40 +0800</pubDate>
      
      <guid>https://keelii.com/categories/VIM/</guid>
      <description></description>
    </item>
    
    <item>
      <title>ppt</title>
      <link>https://keelii.com/categories/ppt/</link>
      <pubDate>Wed, 11 May 2011 19:20:04 -0700</pubDate>
      
      <guid>https://keelii.com/categories/ppt/</guid>
      <description></description>
    </item>
    
  </channel>
</rss>