<rss version="2.0" xmlns:atom="http://www.w3.org/2005/Atom">
  <channel>
    <title>youtube on 臨池不輟</title>
    <link>https://keelii.com/tags/youtube/</link>
    <description>Recent content in youtube on 臨池不輟</description>
    <generator>Hugo -- gohugo.io</generator>
    <language>zh-CN</language>
    <lastBuildDate>Sun, 04 Nov 2018 19:10:24 +0000</lastBuildDate>
    
        <atom:link href="https://keelii.com/tags/youtube/atom.xml" rel="self" type="application/rss+xml" />
    
    
    <item>
      <title>为什么 Youtube 广告更好看</title>
      <link>https://keelii.com/2018/11/04/why-youtube-ad-better/</link>
      <pubDate>Sun, 04 Nov 2018 19:10:24 +0000</pubDate>
      
      <guid>https://keelii.com/2018/11/04/why-youtube-ad-better/</guid>
      <description>

&lt;style&gt;
&lt;/style&gt;

&lt;p&gt;马上要到双十一大促了，无论你喜不喜欢，各种广告、短信都扑面而来。当大部分广告都在高呼打折、特价买买买的时候，大家似乎都忘记了自己想要买什么了。&lt;/p&gt;

&lt;p&gt;提到广告首先让我印象深刻的是 youtube 视频网站的广告。youtube 的广告一般大概两分钟，每次看到新广告总能让人感觉特别惊喜，同样的视频网站，国内的优酷、腾迅视频却很少让人记住。&lt;/p&gt;

&lt;p&gt;于是我做了个简单的分析，总结出来我认为 youtube 广告更棒的几个原因：&lt;/p&gt;

&lt;p&gt;&lt;strong&gt;观看 youtube 需要视频需要科学上网，没法观看的可以关注公众号 肆零玖陆 对应有文章更新&lt;/strong&gt;&lt;/p&gt;

&lt;h2 id=&#34;广告质量高&#34;&gt;广告质量高&lt;/h2&gt;

&lt;p&gt;这个是毋庸置疑的，无论大众的审美如何，人们天生喜欢看到美的东西，能传递思想形成共鸣东西。即使广告也不例外，好广告最基础的一点就是要让用户看完之后知道你传达的信息是什么，似有似无、估做深沉的广告毫无意义。&lt;/p&gt;

&lt;p&gt;如果你是个程序员并且经常上 youtube 的话，你一定会看过 Wix 这个广告。它是一个网站，使用它可以让你快速的制作属于自己的网页、博客等。我们来欣赏一下 Wix 的广告：&lt;/p&gt;

&lt;p class=&#34;video-wrap&#34;&gt;
&lt;iframe width=&#34;100%&#34; src=&#34;https://www.youtube.com/embed/Fueho8FMaZ8&#34; frameborder=&#34;0&#34; allow=&#34;accelerometer; autoplay; encrypted-media; gyroscope; picture-in-picture&#34; allowfullscreen&gt;&lt;/iframe&gt;
&lt;/p&gt;

&lt;p&gt;这个广告无论从内容传达、产品特点、动感音效还是品牌效应都一应俱全，看完之后不仅印象深刻，而且即使你不怎么懂英文也知道 wix 是用来做什么的。&lt;/p&gt;

&lt;p&gt;广告一开始就开门见山告诉你：&lt;/p&gt;

&lt;p&gt;「With Wix you can create professional website that looks stunning, Just go to wix.com…」&lt;/p&gt;

&lt;p&gt;不到 4 秒的时间就把整个广告的主功能告诉你了（猜想可能是因为 youtube 广告 5 秒之后可以跳过），接着音乐节奏一变，开始演示一些常用功能，如果你是第一次看这个广告那这部分还是挺有效的「入门指引」，如果你看到过很多次这个广告，那现在你跳过去也不会错过什么，因为第一句话已经达到了效果，对于跳过的用户后面的部分自然是没有意义的。&lt;/p&gt;

&lt;p&gt;所谓的品牌效应就是看过很多次以后你脑子里面的那几个字，如果你还看过这个广告的其它版本，你就会发现有几个频繁出现的关键字「professional, stunning, website」，这就是广告想告诉用户的最重要的信息了&lt;/p&gt;

&lt;p&gt;还有类似 Grammarly 这样的广告，简洁清新的设计风格，让你一看就懂：&lt;/p&gt;

&lt;p class=&#34;video-wrap&#34;&gt;
&lt;iframe width=&#34;1382&#34; height=&#34;779&#34; src=&#34;https://www.youtube.com/embed/15NXrnyT2HM&#34; frameborder=&#34;0&#34; allow=&#34;accelerometer; autoplay; encrypted-media; gyroscope; picture-in-picture&#34; allowfullscreen&gt;&lt;/iframe&gt;
&lt;/p&gt;

&lt;h2 id=&#34;推荐关联强&#34;&gt;推荐关联强&lt;/h2&gt;

&lt;p&gt;推荐关联性强，这一点不得不说，youtube 上的广告真的是覆盖面非常广泛，如果你经常在 youtube 上看一些编程方面的视频，它就会推荐给你很多技术相关的广告，前两天突然给我推送了一个 React Native 组件的广告，我们来欣赏下：&lt;/p&gt;

&lt;p class=&#34;video-wrap&#34;&gt;
&lt;iframe width=&#34;100%&#34; src=&#34;https://www.youtube.com/embed/g13hxWfSisY&#34; frameborder=&#34;0&#34; allow=&#34;accelerometer; autoplay; encrypted-media; gyroscope; picture-in-picture&#34; allowfullscreen&gt;&lt;/iframe&gt;
&lt;/p&gt;

&lt;p&gt;这个广告相比而言更小众了，估计不是做前端的根本看不懂是个啥意儿了。其实就是他们做了一些 React Native 的商业化组件，种类多，你可以付钱直接购买使用，不用自己开发。&lt;/p&gt;

&lt;p&gt;可能是因为我经常看一些人文历史方面的视频，youtube 还推送过一些公益性质的文化传播类的广告比如这个「中文化遗产保护的合作关系」:&lt;/p&gt;

&lt;p class=&#34;video-wrap&#34;&gt;
&lt;iframe width=&#34;100%&#34; src=&#34;https://www.youtube.com/embed/0tSTRc0Rsn4&#34; frameborder=&#34;0&#34; allow=&#34;accelerometer; autoplay; encrypted-media; gyroscope; picture-in-picture&#34; allowfullscreen&gt;&lt;/iframe&gt;
&lt;/p&gt;

&lt;p&gt;这让我无比惊讶。一方面在于这种细分领域而且还是我特别了解的东西居然也有商业化的广告，另一方面也感叹 youtube 的推荐确实非常准确。而且我时常感觉以前在 google 搜索上搜索关键词后，再上 youtube 居然能推给我新的相关广告。当然这种推荐有可能会影响到你的隐私，不过由于 &lt;em&gt;GDPR&lt;/em&gt; 的原因，国外的网站现在基本上都有了不记录用户操作历史的一些选择。这个对于多数人来讲都是有好处的，因为对于用户来讲他们 &lt;strong&gt;始终&lt;/strong&gt; 是有选择的。推荐这个话题很大，有时间单独写写&lt;/p&gt;

&lt;h2 id=&#34;不骚扰-有选择&#34;&gt;不骚扰，有选择&lt;/h2&gt;

&lt;p&gt;这一条对于国内用户来讲尤其重要，要知道腾迅视频不开会员每次打开都是有 40~90 秒不能跳过的广告哦，爱奇艺，稍好点的是一定时间内再看新视频就不会播广告了。而且我发现国内的视频网站广告都 &lt;strong&gt;出奇的统一&lt;/strong&gt;，要么是名牌汽车、婴儿牛奶，要么是可口可乐、肯德基汉堡。都是大家挺熟悉的东西。完全没有新鲜感。&lt;/p&gt;

&lt;p&gt;再看 youtube 的广告，说起来其实我也没搞懂 youtube 广告的展示逻辑，有的时候点进去完全没广告，有时候每次点进去都会有。但是值得一提的是 youtube 的广告不仅和你的喜好有关，而且和广告所在的视频内容也相关。比如你看一个手机的开箱视频，那广告很可能就是和手机相关的，比如摄影照像相关。如果你不喜欢 5 秒后跳过，一段时间内就不会再有广告了。虽然 youtube red 可以让你付费免去所有广告，但是对于我这种视频观看量级还是用不到的，能用到的前提也得是没有科学上网的成本。&lt;/p&gt;

&lt;h2 id=&#34;真正能产生转换的广告&#34;&gt;真正能产生转换的广告&lt;/h2&gt;

&lt;p&gt;最后再附送一条之前真正让我产生转换率的广告，也是 youtube 推荐的，起初我并不知道这是个什么东西，看完之后莫名的被吸引，然后去搜索相关资料，了解了这个品牌的一些设计理念，刚好赶上七夕，所以就顺利成章的形成了一次「冲动」购买&lt;/p&gt;

&lt;p class=&#34;video-wrap&#34;&gt;
&lt;iframe width=&#34;100%&#34; src=&#34;https://www.youtube.com/embed/PGmEERI3vTE&#34; frameborder=&#34;0&#34; allow=&#34;accelerometer; autoplay; encrypted-media; gyroscope; picture-in-picture&#34; allowfullscreen&gt;&lt;/iframe&gt;
&lt;/p&gt;
</description>
    </item>
    
  </channel>
</rss>